-- phpMyAdmin SQL Dump
-- version 4.9.7
-- https://www.phpmyadmin.net/
--
-- Host: localhost:3306
-- Generation Time: Nov 13, 2022 at 01:38 PM
-- Server version: 5.7.23-23
-- PHP Version: 7.4.30

SET SQL_MODE = "NO_AUTO_VALUE_ON_ZERO";
SET AUTOCOMMIT = 0;
START TRANSACTION;
SET time_zone = "+00:00";


/*!40101 SET @OLD_CHARACTER_SET_CLIENT=@@CHARACTER_SET_CLIENT */;
/*!40101 SET @OLD_CHARACTER_SET_RESULTS=@@CHARACTER_SET_RESULTS */;
/*!40101 SET @OLD_COLLATION_CONNECTION=@@COLLATION_CONNECTION */;
/*!40101 SET NAMES utf8mb4 */;

--
-- Database: `boilerto_xcreg`
--

-- --------------------------------------------------------

--
-- Table structure for table `events`
--

CREATE TABLE `events` (
  `id` int(11) NOT NULL,
  `ev_name` varchar(25) DEFAULT NULL,
  `ev_date` date DEFAULT NULL,
  `ev_reg_status` varchar(25) DEFAULT 'Open',
  `ev_contact_email` varchar(255) DEFAULT NULL,
  `ev_contact_phone` varchar(20) DEFAULT NULL
) ENGINE=InnoDB DEFAULT CHARSET=latin1;

--
-- Dumping data for table `events`
--

INSERT INTO `events` (`id`, `ev_name`, `ev_date`, `ev_reg_status`, `ev_contact_email`, `ev_contact_phone`) VALUES
(6, 'LUTHERAN NATIONAL XC MEET', '2022-10-22', 'Closed', 'purduetom90@gmail.com', '2243555077');

-- --------------------------------------------------------

--
-- Table structure for table `pending_users`
--

CREATE TABLE `pending_users` (
  `id` int(11) NOT NULL,
  `email` varchar(255) NOT NULL,
  `school_name` varchar(50) NOT NULL,
  `req_date` datetime DEFAULT CURRENT_TIMESTAMP
) ENGINE=InnoDB DEFAULT CHARSET=latin1;

-- --------------------------------------------------------

--
-- Table structure for table `races`
--

CREATE TABLE `races` (
  `id` int(11) NOT NULL,
  `event_id` int(11) NOT NULL,
  `distance` float(4,2) NOT NULL,
  `sex` varchar(1) NOT NULL DEFAULT 'U',
  `description` varchar(25) DEFAULT NULL,
  `qual_time` time DEFAULT '24:00:00'
) ENGINE=InnoDB DEFAULT CHARSET=latin1;

--
-- Dumping data for table `races`
--

INSERT INTO `races` (`id`, `event_id`, `distance`, `sex`, `description`, `qual_time`) VALUES
(1, 6, 2.00, 'G', 'GIRL\'S 2 MILE RACE', '23:59:59'),
(2, 6, 2.00, 'B', 'BOY\'S 2 MILE RACE', '23:59:59');

-- --------------------------------------------------------

--
-- Table structure for table `runners`
--

CREATE TABLE `runners` (
  `id` int(11) NOT NULL,
  `school_id` int(11) NOT NULL,
  `event_id` int(11) NOT NULL,
  `race_id` int(11) NOT NULL,
  `sex` varchar(1) NOT NULL,
  `grade` tinyint(4) NOT NULL,
  `first_name` varchar(25) NOT NULL,
  `last_name` varchar(25) NOT NULL,
  `qual_time` time DEFAULT '00:00:00',
  `qual_time_or` tinyint(1) DEFAULT '0'
) ENGINE=InnoDB DEFAULT CHARSET=latin1;

--
-- Dumping data for table `runners`
--

INSERT INTO `runners` (`id`, `school_id`, `event_id`, `race_id`, `sex`, `grade`, `first_name`, `last_name`, `qual_time`, `qual_time_or`) VALUES
(1, 130, 6, 2, 'B', 8, 'EZRA', 'DICK', '00:00:00', 0),
(2, 179, 6, 1, 'G', 6, 'ALYSSA', 'LUNOW', '00:00:00', 0),
(3, 179, 6, 1, 'G', 6, 'EMMA', 'BERNAU', '00:00:00', 0),
(4, 196, 6, 2, 'B', 8, 'COLIN', 'REED', '00:00:00', 0),
(5, 196, 6, 1, 'G', 8, 'EDIE', 'AXMEAR', '00:00:00', 0),
(6, 196, 6, 2, 'B', 6, 'MARCUS', 'PIRKL', '00:00:00', 0),
(7, 59, 6, 1, 'G', 8, 'GABRIELLA', 'SCHAEFER', '00:00:00', 0),
(8, 59, 6, 1, 'G', 6, 'JAEL', 'SPECK', '00:00:00', 0),
(9, 181, 6, 1, 'G', 7, 'LINDSEY', 'CMEYLA', '00:00:00', 0),
(10, 181, 6, 1, 'G', 7, 'BETHANY', 'CMEYLA', '00:00:00', 0),
(11, 126, 6, 2, 'B', 8, 'DREW', 'CALDWELL', '00:00:00', 0),
(12, 126, 6, 2, 'B', 8, 'DREW', 'LEIBOLD', '00:00:00', 0),
(13, 126, 6, 2, 'B', 8, 'NEWELL', 'YATES', '00:00:00', 0),
(14, 126, 6, 2, 'B', 8, 'CHASE', 'MONROE', '00:00:00', 0),
(15, 126, 6, 2, 'B', 8, 'JOSHUA', 'SCHWARTZHOFF', '00:00:00', 0),
(16, 126, 6, 2, 'B', 8, 'NOAH', 'ABRAMOWSKI', '00:00:00', 0),
(17, 126, 6, 2, 'B', 7, 'HUDSON', 'WIKLUND', '00:00:00', 0),
(18, 190, 6, 2, 'B', 8, 'RYAN', 'LITTLEFIELD', '00:00:00', 0),
(19, 190, 6, 1, 'G', 7, 'KAYLEE', 'VAN ETTEN', '00:00:00', 0),
(20, 80, 6, 2, 'B', 5, 'EZRA', 'MIEROW', '00:00:00', 0),
(21, 193, 6, 1, 'G', 7, 'DAPHNE', 'WELLER', '00:00:00', 0),
(22, 192, 6, 1, 'G', 7, 'GWENYTH', 'HUDDLE', '00:00:00', 0),
(23, 147, 6, 2, 'B', 5, 'WESTON', 'MYHRE', '00:00:00', 0),
(24, 108, 6, 1, 'G', 7, 'LAUREN', 'SCHOMMER', '00:00:00', 0),
(25, 108, 6, 2, 'B', 8, 'REIDAR', 'BEDNAR', '00:00:00', 0),
(26, 108, 6, 2, 'B', 8, 'GIDEON', 'HEISLER', '00:00:00', 0),
(27, 108, 6, 2, 'B', 8, 'MACK', 'SLANGER', '00:00:00', 0),
(28, 108, 6, 2, 'B', 8, 'CONNOR', 'STOHLBERG', '00:00:00', 0),
(29, 108, 6, 2, 'B', 7, 'ELIAS', 'BARLOW', '00:00:00', 0),
(30, 108, 6, 2, 'B', 6, 'LINCOLN', 'BEDNAR', '00:00:00', 0),
(32, 108, 6, 2, 'B', 8, 'PIERCE', 'MORRIS', '00:00:00', 0),
(33, 199, 6, 2, 'B', 8, 'LIAM', 'SORGET', '00:00:00', 0),
(34, 95, 6, 1, 'G', 6, 'AVA', 'CALLAHAN', '00:00:00', 0),
(35, 95, 6, 1, 'G', 6, 'MCKENNA', 'MITCHELL', '00:00:00', 0),
(36, 95, 6, 1, 'G', 7, 'MYA', 'MCCLOUD', '00:00:00', 0),
(37, 95, 6, 1, 'G', 7, 'BRAELIN', 'RODAMMER', '00:00:00', 0),
(38, 95, 6, 1, 'G', 7, 'BROOKE', 'BICKEL', '00:00:00', 0),
(39, 95, 6, 1, 'G', 7, 'EVA', 'HECHT', '00:00:00', 0),
(40, 95, 6, 1, 'G', 8, 'MAKENNA', 'HOEPPNER', '00:00:00', 0),
(41, 95, 6, 1, 'G', 8, 'MADDIE', 'SELLA', '00:00:00', 0),
(42, 95, 6, 2, 'B', 5, 'REMY', 'RODAMMER', '00:00:00', 0),
(43, 180, 6, 1, 'G', 5, 'ELLIE', 'GOSA', '00:00:00', 0),
(44, 201, 6, 2, 'B', 5, 'ANTHONY', 'BOLTE', '00:00:00', 0),
(45, 200, 6, 1, 'G', 4, 'MAGGIE', 'LAIOS', '00:00:00', 0),
(46, 133, 6, 1, 'G', 7, 'ISABELLA', 'REINBOLD', '00:00:00', 0),
(47, 133, 6, 2, 'B', 8, 'JACOB', 'GRIMPO', '00:00:00', 0),
(48, 133, 6, 1, 'G', 4, 'AYVA', 'RAYNER', '00:00:00', 0),
(49, 133, 6, 2, 'B', 6, 'ASHER', 'PUTMAN', '00:00:00', 0),
(50, 128, 6, 1, 'G', 8, 'JAIDEE', 'GOEHRING', '00:00:00', 0),
(51, 128, 6, 2, 'B', 6, 'PENN', 'ENGEL', '00:00:00', 0),
(52, 99, 6, 1, 'G', 5, 'ALIVIA', 'O\'LEARY', '00:00:00', 0),
(53, 134, 6, 2, 'B', 8, 'SAM', 'GARCIA', '00:00:00', 0),
(54, 134, 6, 2, 'B', 8, 'ELIAS', 'SCHREIBER', '00:00:00', 0),
(55, 134, 6, 2, 'B', 8, 'JACKSON', 'GODFREY', '00:00:00', 0),
(56, 134, 6, 2, 'B', 8, 'LOGAN', 'PULGARIN', '00:00:00', 0),
(57, 134, 6, 2, 'B', 7, 'NOLAN', 'OPPERMANN', '00:00:00', 0),
(58, 134, 6, 2, 'B', 7, 'ELIJAH', 'BALDRY', '00:00:00', 0),
(59, 134, 6, 2, 'B', 5, 'JACK', 'SCHREIBER', '00:00:00', 0),
(60, 134, 6, 2, 'B', 4, 'EMMIT', 'BROWN', '00:00:00', 0),
(61, 134, 6, 1, 'G', 7, 'CHARLOTTE', 'SCHREIBER', '00:00:00', 0),
(62, 134, 6, 1, 'G', 6, 'ALEX', 'MOORE', '00:00:00', 0),
(63, 134, 6, 1, 'G', 6, 'HAYLEE', 'RAHN', '00:00:00', 0),
(64, 134, 6, 1, 'G', 6, 'TARRYN', 'HEINE', '00:00:00', 0),
(65, 134, 6, 1, 'G', 4, 'LYDIA', 'BALDRY', '00:00:00', 0),
(66, 101, 6, 1, 'G', 5, 'TENLEY', 'DAGGETT', '00:00:00', 0),
(67, 73, 6, 1, 'G', 8, 'EMMA', 'WAGNER', '00:00:00', 0),
(68, 73, 6, 1, 'G', 6, 'FERN', 'ORTIZ', '00:00:00', 0),
(69, 73, 6, 1, 'G', 5, 'MIKAYLA', 'WAGNER', '00:00:00', 0),
(70, 73, 6, 1, 'G', 5, 'CAYLYNN', 'HEBERER', '00:00:00', 0),
(71, 73, 6, 1, 'G', 7, 'REESA', 'KRAMER', '00:00:00', 0),
(72, 73, 6, 1, 'G', 7, 'AVERY', 'BYSTREK', '00:00:00', 0),
(73, 73, 6, 1, 'G', 4, 'EDEN', 'AANONSEN', '00:00:00', 0),
(74, 73, 6, 1, 'G', 7, 'VICTORIA', 'FUTTERER', '00:00:00', 0),
(75, 73, 6, 2, 'B', 8, 'MASON', 'MOTHS', '00:00:00', 0),
(76, 73, 6, 2, 'B', 8, 'IAN', 'SELLE', '00:00:00', 0),
(77, 73, 6, 2, 'B', 5, 'JACKSON', 'GESCHKE', '00:00:00', 0),
(78, 73, 6, 2, 'B', 7, 'CARTER', 'GESCHKE', '00:00:00', 0),
(79, 73, 6, 2, 'B', 6, 'TYSON', 'DAVISON', '00:00:00', 0),
(80, 73, 6, 2, 'B', 5, 'ETHAN', 'HOPPE', '00:00:00', 0),
(81, 73, 6, 2, 'B', 4, 'RYAN', 'NOLTE', '00:00:00', 0),
(82, 73, 6, 2, 'B', 3, 'JAKE', 'KLIBOWITZ', '00:00:00', 0),
(83, 55, 6, 2, 'B', 8, 'SAMUEL', 'FABBIANO', '00:00:00', 0),
(84, 55, 6, 2, 'B', 8, 'SEAN', 'ELZE', '00:00:00', 0),
(85, 55, 6, 2, 'B', 5, 'PARKER', 'ELLIS', '00:00:00', 0),
(86, 55, 6, 2, 'B', 7, 'AARON', 'BECKER', '00:00:00', 0),
(87, 55, 6, 1, 'G', 5, 'AVERY', 'PURK', '00:00:00', 0),
(88, 55, 6, 1, 'G', 7, 'EMMA', 'SERINA', '00:00:00', 0),
(89, 55, 6, 1, 'G', 7, 'GABBY', 'WESCOATT', '00:00:00', 0),
(90, 115, 6, 1, 'G', 6, 'EMMA', 'BOYD', '00:00:00', 0),
(91, 115, 6, 1, 'G', 5, 'DELANIE', 'SIKES', '00:00:00', 0),
(92, 115, 6, 1, 'G', 6, 'HANNAH', 'FINLEY', '00:00:00', 0),
(93, 115, 6, 1, 'G', 6, 'CHARITY', 'FRANK-DEROCH', '00:00:00', 0),
(94, 115, 6, 1, 'G', 6, 'LACIE', 'LITTLE', '00:00:00', 0),
(95, 115, 6, 1, 'G', 5, 'KELSIE', 'SIKES', '00:00:00', 0),
(96, 115, 6, 1, 'G', 5, 'AVA', 'DOWEN', '00:00:00', 0),
(97, 115, 6, 2, 'B', 7, 'GAVIN', 'ROHR', '00:00:00', 0),
(98, 115, 6, 2, 'B', 5, 'COLE', 'BUTLER', '00:00:00', 0),
(99, 68, 6, 1, 'G', 8, 'BRIANNA', 'KRUEGER', '00:00:00', 0),
(100, 68, 6, 1, 'G', 6, 'BROOKLYN', 'RUENGERT', '00:00:00', 0),
(101, 68, 6, 1, 'G', 6, 'SAMANTHA', 'MAXWELL', '00:00:00', 0),
(102, 68, 6, 1, 'G', 5, 'KALLESTA', 'NOWAK', '00:00:00', 0),
(103, 68, 6, 1, 'G', 5, 'SAMANTHA', 'KOZEMCZAK', '00:00:00', 0),
(104, 68, 6, 2, 'B', 8, 'COLTON', 'HADLER', '00:00:00', 0),
(105, 68, 6, 2, 'B', 6, 'LUKE', 'HENDERSON', '00:00:00', 0),
(106, 68, 6, 2, 'B', 6, 'AIDEN', 'BEILSMITH', '00:00:00', 0),
(107, 68, 6, 2, 'B', 5, 'ROMAN', 'STANDARD', '00:00:00', 0),
(108, 68, 6, 2, 'B', 8, 'RYAN', 'RUENGERT', '00:00:00', 0),
(109, 68, 6, 2, 'B', 5, 'BLAKE', 'HENDERSON', '00:00:00', 0),
(110, 68, 6, 2, 'B', 5, 'COLE', 'VERSEMAN', '00:00:00', 0),
(111, 68, 6, 2, 'B', 7, 'GREY', 'JACKSON', '00:00:00', 0),
(112, 203, 6, 1, 'G', 8, 'ABIGAIL', 'CATEVENIS', '00:00:00', 0),
(113, 203, 6, 1, 'G', 5, 'LYDIA', 'HOLTZ', '00:00:00', 0),
(114, 203, 6, 2, 'B', 8, 'TREVOR', 'STROHSCHEIN', '00:00:00', 0),
(115, 203, 6, 2, 'B', 6, 'JESSE', 'BARNARD', '00:00:00', 0),
(116, 203, 6, 2, 'B', 6, 'SAM', 'DOUGAN', '00:00:00', 0),
(117, 195, 6, 2, 'B', 8, 'TYLER', 'POSTON', '00:00:00', 0),
(118, 202, 6, 1, 'G', 8, 'RILEY', 'COBURN', '00:00:00', 0),
(119, 202, 6, 1, 'G', 6, 'ISABELLA', 'CAIRNEY', '00:00:00', 0),
(120, 204, 6, 1, 'G', 8, 'COCOA', 'MILLEMAN', '00:00:00', 0),
(121, 204, 6, 2, 'B', 8, 'BRYCEN', 'KELLY', '00:00:00', 0),
(122, 204, 6, 2, 'B', 8, 'JOSHUA', 'KANNING', '00:00:00', 0),
(123, 204, 6, 2, 'B', 4, 'EVAN', 'DOEPNER', '00:00:00', 0),
(124, 89, 6, 2, 'B', 8, 'ELIJAH', 'JOHNSON', '00:00:00', 0),
(125, 89, 6, 2, 'B', 8, 'GRIFFIN', 'DELANEY', '00:00:00', 0),
(126, 89, 6, 2, 'B', 8, 'COOPER', 'MALVASI', '00:00:00', 0),
(127, 89, 6, 2, 'B', 6, 'HUNTER', 'THOMSON', '00:00:00', 0),
(128, 89, 6, 2, 'B', 5, 'REX', 'LYON', '00:00:00', 0),
(129, 89, 6, 2, 'B', 8, 'JOSH', 'WALLACE', '00:00:00', 0),
(130, 89, 6, 1, 'G', 6, 'LILY', 'WALLACE', '00:00:00', 0),
(131, 89, 6, 1, 'G', 8, 'SCARLET', 'BROWN', '00:00:00', 0),
(132, 61, 6, 2, 'B', 6, 'AUSTIN', 'STAMM', '00:00:00', 0),
(133, 61, 6, 2, 'B', 8, 'COLBY', 'KAMLAY', '00:00:00', 0),
(134, 61, 6, 2, 'B', 7, 'WYATT', 'HOPF', '00:00:00', 0),
(135, 61, 6, 2, 'B', 7, 'TYLER', 'PICCIOLO', '00:00:00', 0),
(136, 61, 6, 2, 'B', 6, 'OWEN', 'STAMM', '00:00:00', 0),
(137, 61, 6, 2, 'B', 5, 'PEYTON', 'MOSIER', '00:00:00', 0),
(138, 61, 6, 2, 'B', 5, 'LOGAN', 'WITTIG', '00:00:00', 0),
(139, 61, 6, 2, 'B', 8, 'BEN', 'STROHMEYER', '00:00:00', 0),
(140, 61, 6, 1, 'G', 6, 'ELLOISE', 'HARTUNG', '00:00:00', 0),
(141, 185, 6, 1, 'G', 8, 'HAYLEY', 'SHADA', '00:00:00', 0),
(142, 185, 6, 1, 'G', 5, 'HOPE', 'NICKEL', '00:00:00', 0),
(143, 185, 6, 1, 'G', 5, 'VIOLET', 'CEPICAN', '00:00:00', 0),
(144, 185, 6, 1, 'G', 7, 'AVA', 'STOLZMAN', '00:00:00', 0),
(145, 185, 6, 1, 'G', 4, 'KENDALL', 'BOLDT', '00:00:00', 0),
(146, 205, 6, 1, 'G', 8, 'NAOMI', 'HENDRICKSON', '00:00:00', 0),
(147, 185, 6, 1, 'G', 8, 'JAYDEN', 'SCHMIDT', '00:00:00', 0),
(148, 205, 6, 1, 'G', 7, 'LEONA', 'DUMFORD', '00:00:00', 0),
(149, 185, 6, 1, 'G', 4, 'GABRIELLA', 'CEPICAN', '00:00:00', 0),
(150, 205, 6, 1, 'G', 6, 'MACY', 'HENDRICKSON', '00:00:00', 0),
(151, 185, 6, 1, 'G', 4, 'AUBREY', 'KLEMANN', '00:00:00', 0),
(152, 191, 6, 1, 'G', 5, 'ANNA', 'ROSS', '00:00:00', 0),
(153, 97, 6, 1, 'G', 6, 'MAKAYLA', 'GEHRKE', '00:00:00', 0),
(154, 198, 6, 1, 'G', 8, 'PAIGE', 'MURPHY', '00:00:00', 0),
(155, 198, 6, 1, 'G', 8, 'NADIA', 'MURPHY', '00:00:00', 0),
(156, 198, 6, 1, 'G', 8, 'HANNAH', 'MINNING', '00:00:00', 0),
(157, 198, 6, 1, 'G', 6, 'ELIZABETH', 'MINNING', '00:00:00', 0),
(158, 198, 6, 1, 'G', 6, 'AVA', 'LEMKE', '00:00:00', 0),
(159, 60, 6, 1, 'G', 8, 'GRACIE', 'BALLESTEROS', '00:00:00', 0),
(160, 60, 6, 2, 'B', 8, 'NOAH', 'JANSEN', '00:00:00', 0),
(161, 56, 6, 2, 'B', 8, 'JACOB', 'FERDUBINSKI', '00:00:00', 0),
(162, 136, 6, 2, 'B', 7, 'NOLE', 'LORENZEN', '00:00:00', 0),
(163, 136, 6, 2, 'B', 5, 'COEN', 'LORENZEN', '00:00:00', 0),
(164, 153, 6, 2, 'B', 7, 'ETHAN', 'OERTEL', '00:00:00', 0),
(165, 70, 6, 1, 'G', 5, 'TAYA', 'SCHUTTE', '00:00:00', 0),
(166, 70, 6, 1, 'G', 6, 'ISLA', 'MAGLER', '00:00:00', 0),
(167, 70, 6, 2, 'B', 6, 'BRADEN', 'SCHUTTE', '00:00:00', 0),
(168, 70, 6, 2, 'B', 7, 'ELIAS', 'OLSON', '00:00:00', 0),
(169, 52, 6, 2, 'B', 8, 'JOSIAH', 'MASCHKE', '00:00:00', 0),
(170, 52, 6, 2, 'B', 8, 'GAGE', 'KINGSLAND', '00:00:00', 0),
(173, 189, 6, 2, 'B', 7, 'TYLER', 'JOHNSON', '00:00:00', 0),
(174, 58, 6, 2, 'B', 7, 'CARTER', 'REICHERT', '00:00:00', 0),
(175, 58, 6, 1, 'G', 6, 'SOFIA', 'OKAPAL', '00:00:00', 0),
(176, 11, 6, 2, 'B', 6, 'CONNOR', 'BAGANZ', '00:00:00', 0),
(177, 161, 6, 2, 'B', 8, 'JERAMY', 'DANIEL', '00:00:00', 0),
(178, 161, 6, 2, 'B', 8, 'JACK', 'HEMENWAY', '00:00:00', 0),
(179, 161, 6, 2, 'B', 6, 'LANDEN', 'WOODY', '00:00:00', 0),
(180, 161, 6, 2, 'B', 6, 'WESLEY', 'PATRIDGE', '00:00:00', 0),
(181, 161, 6, 2, 'B', 5, 'JONAH', 'DANIEL', '00:00:00', 0),
(182, 161, 6, 2, 'B', 4, 'OLIVER', 'TROWER', '00:00:00', 0),
(183, 161, 6, 2, 'B', 5, 'OLIVER', 'KLUG', '00:00:00', 0),
(184, 161, 6, 2, 'B', 3, 'JOEL', 'DANIEL', '00:00:00', 0),
(185, 161, 6, 1, 'G', 6, 'LYDIA', 'WOODY', '00:00:00', 0),
(186, 123, 6, 1, 'G', 4, 'EMMA', 'TAYLOR', '00:00:00', 0),
(187, 123, 6, 1, 'G', 5, 'EMERY', 'RUSH', '00:00:00', 0),
(188, 123, 6, 1, 'G', 6, 'CORI', 'MILLER', '00:00:00', 0),
(189, 123, 6, 1, 'G', 6, 'LUCY', 'NORVILLE', '00:00:00', 0),
(190, 123, 6, 1, 'G', 6, 'MAGGIE', 'ALLEN', '00:00:00', 0),
(191, 123, 6, 1, 'G', 6, 'STELLA', 'SWOFFORD', '00:00:00', 0),
(192, 123, 6, 1, 'G', 8, 'AMELIA', 'RUSH', '00:00:00', 0),
(193, 123, 6, 1, 'G', 8, 'EMMA', 'OSWALD', '00:00:00', 0),
(194, 123, 6, 2, 'B', 6, 'LUCAS', 'WRIGHT', '00:00:00', 0),
(195, 123, 6, 2, 'B', 6, 'MASON', 'ROSHEK', '00:00:00', 0),
(196, 123, 6, 2, 'B', 6, 'SKYLER', 'ZITTLOW', '00:00:00', 0),
(197, 123, 6, 2, 'B', 7, 'WILL', 'MASA', '00:00:00', 0),
(198, 123, 6, 2, 'B', 8, 'AUSTIN', 'WRIGHT', '00:00:00', 0),
(199, 123, 6, 2, 'B', 8, 'JACK', 'MAHONEY', '00:00:00', 0),
(200, 123, 6, 2, 'B', 8, 'NATHAN', 'LIND', '00:00:00', 0),
(201, 123, 6, 2, 'B', 8, 'SAM', 'MUDD', '00:00:00', 0),
(202, 74, 6, 1, 'G', 7, 'LORELAI', 'BURIE', '00:00:00', 0),
(203, 74, 6, 2, 'B', 8, 'MAXIMUS', 'KARNS-BINGHAM', '00:00:00', 0),
(204, 118, 6, 2, 'B', 6, 'GAVIN', 'BOWERS', '00:00:00', 0),
(205, 118, 6, 1, 'G', 7, 'CASSIDY', 'BOWERS', '00:00:00', 0),
(206, 118, 6, 1, 'G', 8, 'KIARA', 'CAUSLEY', '00:00:00', 0),
(207, 7, 6, 1, 'G', 7, 'MADDIE', 'ALEISA', '00:00:00', 0),
(208, 7, 6, 1, 'G', 7, 'CATE', 'ALEISA', '00:00:00', 0),
(209, 7, 6, 1, 'G', 6, 'MIA', 'MILANO', '00:00:00', 0),
(210, 7, 6, 1, 'G', 7, 'TEIGAN', 'O\'DONNELL', '00:00:00', 0),
(211, 7, 6, 1, 'G', 7, 'GENEVIEVE', 'HART', '00:00:00', 0),
(212, 7, 6, 1, 'G', 7, 'KAITLYN', 'SOSIN', '00:00:00', 0),
(213, 7, 6, 1, 'G', 7, 'ABBEE', 'BAKER', '00:00:00', 0),
(214, 7, 6, 1, 'G', 8, 'RACHEL', 'VAN THOLEN', '00:00:00', 0),
(215, 23, 6, 2, 'B', 8, 'MICHAEL', 'GIESEKE', '00:00:00', 0),
(216, 23, 6, 2, 'B', 8, 'JACKSON', 'KNAKE', '00:00:00', 0),
(217, 23, 6, 2, 'B', 8, 'BENJAMIN', 'STANDISH', '00:00:00', 0),
(218, 23, 6, 2, 'B', 7, 'OLIVER', 'STACK', '00:00:00', 0),
(219, 23, 6, 2, 'B', 7, 'AXEL', 'BOWN', '00:00:00', 0),
(220, 23, 6, 2, 'B', 6, 'CANAAN', 'HEUSER', '00:00:00', 0),
(221, 23, 6, 2, 'B', 6, 'CALEB', 'SHAMBO', '00:00:00', 0),
(222, 23, 6, 2, 'B', 7, 'NICK', 'JACOBI', '00:00:00', 0),
(223, 117, 6, 1, 'G', 8, 'MYA', 'FRIESE', '00:00:00', 0),
(224, 117, 6, 1, 'G', 7, 'SIENNA', 'BOSTEDO', '00:00:00', 0),
(225, 117, 6, 1, 'G', 7, 'ANNABEL', 'BRIDGES', '00:00:00', 0),
(226, 117, 6, 1, 'G', 7, 'EMMA', 'HICKMAN', '00:00:00', 0),
(227, 117, 6, 1, 'G', 6, 'KALIA', 'FRIESE', '00:00:00', 0),
(228, 117, 6, 1, 'G', 6, 'ABREE', 'ZALMAN', '00:00:00', 0),
(229, 117, 6, 1, 'G', 5, 'MADISON', 'MANHART', '00:00:00', 0),
(230, 117, 6, 1, 'G', 3, 'BRIELLE', 'FRIESE', '00:00:00', 0),
(231, 117, 6, 2, 'B', 5, 'MAX', 'MCCORMICK', '00:00:00', 0),
(232, 111, 6, 2, 'B', 8, 'JONATHAN', 'BLANKENSHIP', '00:00:00', 0),
(233, 111, 6, 2, 'B', 8, 'AADEN', 'RICHARDS', '00:00:00', 0),
(234, 111, 6, 2, 'B', 6, 'MAX', 'VAN ALLEN', '00:00:00', 0),
(235, 111, 6, 2, 'B', 7, 'JUDE', 'BORDEWICK', '00:00:00', 0),
(236, 111, 6, 2, 'B', 6, 'EVAN', 'BROWN', '00:00:00', 0),
(237, 111, 6, 2, 'B', 8, 'IAN', 'BRYSON', '00:00:00', 0),
(238, 111, 6, 2, 'B', 6, 'EVAN', 'ZASTROW', '00:00:00', 0),
(239, 111, 6, 1, 'G', 8, 'JOSIE', 'WAMSLEY', '00:00:00', 0),
(240, 111, 6, 1, 'G', 7, 'NORA', 'BLOEBAUM', '00:00:00', 0),
(241, 111, 6, 1, 'G', 6, 'KELLY', 'DIETSCH', '00:00:00', 0),
(242, 111, 6, 1, 'G', 7, 'ALEXIS', 'GENTES', '00:00:00', 0),
(243, 111, 6, 1, 'G', 7, 'ABIGAIL', 'STENGER', '00:00:00', 0),
(244, 111, 6, 1, 'G', 7, 'BROOKE', 'FRAZIER', '00:00:00', 0),
(245, 111, 6, 1, 'G', 8, 'MARLEY', 'STUTZMAN', '00:00:00', 0),
(246, 111, 6, 1, 'G', 8, 'KATE', 'BRYSON', '00:00:00', 0),
(247, 114, 6, 2, 'B', 7, 'TREY', 'RUEDIGER', '00:00:00', 0),
(248, 114, 6, 2, 'B', 7, 'MAX', 'SCHNITZLER', '00:00:00', 0),
(249, 114, 6, 2, 'B', 6, 'ELLIOTT', 'POWELL', '00:00:00', 0),
(250, 106, 6, 1, 'G', 8, 'ADDY', 'REINHARD', '00:00:00', 0),
(251, 114, 6, 2, 'B', 5, 'JAKE', 'ANGERER', '00:00:00', 0),
(252, 114, 6, 2, 'B', 4, 'EMERSON', 'POWELL', '00:00:00', 0),
(253, 114, 6, 1, 'G', 7, 'SELA', 'REEVES', '00:00:00', 0),
(254, 138, 6, 2, 'B', 7, 'BENNETT', 'WERCINSKI', '00:00:00', 0),
(255, 138, 6, 2, 'B', 5, 'LEVI', 'LEAON', '00:00:00', 0),
(256, 138, 6, 2, 'B', 5, 'CADEN', 'KENNEDY', '00:00:00', 0),
(257, 62, 6, 1, 'G', 5, 'CLAIRE', 'ERICKSON', '00:00:00', 0),
(258, 62, 6, 2, 'B', 3, 'MASON', 'WARPINSKI', '00:00:00', 0),
(259, 187, 6, 2, 'B', 7, 'HENRY', 'REISECK', '00:00:00', 0),
(260, 187, 6, 2, 'B', 7, 'ELIJAH', 'BALL', '00:00:00', 0),
(261, 187, 6, 2, 'B', 7, 'LUKE', 'BRIGHT', '00:00:00', 0),
(262, 187, 6, 2, 'B', 7, 'MATHIAS', 'ASKINS', '00:00:00', 0),
(263, 187, 6, 2, 'B', 6, 'RONAN', 'ASKINS', '00:00:00', 0),
(264, 187, 6, 2, 'B', 6, 'BRYCE', 'GOECKNER', '00:00:00', 0),
(265, 187, 6, 2, 'B', 4, 'ZEKE', 'ASKINS', '00:00:00', 0),
(266, 51, 6, 1, 'G', 8, 'JENNA', 'ROCKEY', '00:00:00', 0),
(267, 51, 6, 2, 'B', 4, 'JOSH', 'ROCKEY', '00:00:00', 0),
(268, 92, 6, 1, 'G', 6, 'AUDREY', 'KASHINSKE', '00:00:00', 0),
(269, 92, 6, 2, 'B', 5, 'JOSH', 'WINNINGHAM', '00:00:00', 0),
(270, 92, 6, 2, 'B', 5, 'RISTO', 'HEIKKINEN', '00:00:00', 0),
(271, 67, 6, 1, 'G', 7, 'EMMA', 'DORIOT', '00:00:00', 0),
(272, 67, 6, 2, 'B', 8, 'BRAXTON', 'SINCLAIR', '00:00:00', 0),
(273, 67, 6, 2, 'B', 7, 'NATHAN', 'NEGRETE', '00:00:00', 0),
(274, 67, 6, 2, 'B', 8, 'SAM', 'DYER', '00:00:00', 0),
(275, 67, 6, 2, 'B', 8, 'RYLAN', 'ADAIR', '00:00:00', 0),
(276, 67, 6, 2, 'B', 6, 'CORBIN', 'ADAIR', '00:00:00', 0),
(277, 67, 6, 2, 'B', 8, 'STEPHEN', 'TRAGER', '00:00:00', 0),
(278, 67, 6, 2, 'B', 8, 'BRYSON', 'BAKER', '00:00:00', 0),
(279, 67, 6, 2, 'B', 5, 'COLTON', 'NANCE', '00:00:00', 0),
(280, 122, 6, 2, 'B', 4, 'COLIN', 'WOLF', '00:00:00', 0),
(281, 122, 6, 1, 'G', 6, 'GABI', 'WOLF', '00:00:00', 0),
(282, 122, 6, 1, 'G', 7, 'GWEN', 'WOLF', '00:00:00', 0),
(283, 122, 6, 1, 'G', 6, 'CLAIRE', 'SKAFF', '00:00:00', 0),
(284, 122, 6, 1, 'G', 6, 'WILLOW', 'RITZ', '00:00:00', 0),
(285, 122, 6, 1, 'G', 8, 'CLAIRE', 'HAYNES', '00:00:00', 0),
(286, 122, 6, 1, 'G', 4, 'QUIN', 'REU', '00:00:00', 0),
(287, 122, 6, 1, 'G', 7, 'HANLEY', 'REU', '00:00:00', 0),
(288, 122, 6, 1, 'G', 8, 'ALLIE', 'OLDHAM', '00:00:00', 0),
(289, 1, 6, 2, 'B', 7, 'LUKE', 'HILGEMAN', '00:00:00', 0),
(290, 1, 6, 1, 'G', 8, 'AVA', 'MCQUADE', '00:00:00', 0),
(291, 176, 6, 2, 'B', 8, 'GARRETT', 'PICKERING', '00:00:00', 0),
(292, 207, 6, 1, 'G', 6, 'RYNE', 'NOLAN', '00:00:00', 0),
(293, 11, 6, 2, 'B', 4, 'JAXSON', 'RUSIN', '00:00:00', 0),
(294, 208, 6, 1, 'G', 8, 'LACEE', 'LIEFER', '00:00:00', 0),
(295, 206, 6, 1, 'G', 7, 'ELIZA', 'SHIELS', '00:00:00', 0),
(296, 178, 6, 2, 'B', 8, 'CARTER', 'FRY', '00:00:00', 0),
(298, 178, 6, 2, 'B', 8, 'KADEN', 'BINTZ', '00:00:00', 0),
(299, 178, 6, 2, 'B', 8, 'MATHEW', 'FREDERICK', '00:00:00', 0),
(300, 178, 6, 2, 'B', 7, 'TRISTAN', 'HAHN', '00:00:00', 0),
(301, 178, 6, 2, 'B', 7, 'COLTON', 'MEIER', '00:00:00', 0),
(302, 178, 6, 2, 'B', 6, 'TURNER', 'SCHWOCH', '00:00:00', 0),
(303, 178, 6, 2, 'B', 6, 'JAMES', 'MICKOL', '00:00:00', 0),
(304, 178, 6, 2, 'B', 4, 'PAXTON', 'CHAO', '00:00:00', 0),
(305, 84, 6, 2, 'B', 5, 'PATRICK', 'MCCLURE', '00:00:00', 0),
(306, 194, 6, 2, 'B', 8, 'KARSTEN', 'SHEETS', '00:00:00', 0),
(307, 194, 6, 1, 'G', 7, 'NATALIE', 'CORDES', '00:00:00', 0),
(308, 194, 6, 1, 'G', 8, 'EMMA', 'GROVES', '00:00:00', 0),
(309, 90, 6, 1, 'G', 8, 'ANA', 'BUSKE', '00:00:00', 0),
(310, 90, 6, 1, 'G', 8, 'BETH', 'LANGEBARTELS', '00:00:00', 0),
(311, 90, 6, 1, 'G', 8, 'CALISSA', 'SCHULZ', '00:00:00', 0),
(312, 90, 6, 1, 'G', 8, 'ELLA', 'SCHROEDER', '00:00:00', 0),
(313, 90, 6, 1, 'G', 7, 'REINA', 'EBELING', '00:00:00', 0),
(314, 90, 6, 1, 'G', 7, 'IONA', 'KUEHN', '00:00:00', 0),
(315, 90, 6, 1, 'G', 7, 'DAVINA', 'WANJIKU', '00:00:00', 0),
(316, 69, 6, 2, 'B', 6, 'OSCAR', 'OTTEN', '00:00:00', 0),
(317, 69, 6, 2, 'B', 6, 'BEYEN', 'BENEDETTI', '00:00:00', 0),
(318, 69, 6, 2, 'B', 7, 'ALEX', 'PARKER', '00:00:00', 0),
(319, 69, 6, 1, 'G', 6, 'ELLA', 'LAMKE', '00:00:00', 0),
(320, 65, 6, 1, 'G', 7, 'HAYDEN', 'POOLE', '00:00:00', 0),
(321, 65, 6, 2, 'B', 7, 'ALEX', 'TASKOV', '00:00:00', 0),
(322, 15, 6, 1, 'G', 6, 'EDEN', 'LING', '00:00:00', 0),
(323, 15, 6, 2, 'B', 8, 'AUGIE', 'STERRITT', '00:00:00', 0),
(324, 15, 6, 2, 'B', 7, 'MATTHEW', 'HUFFMAN', '00:00:00', 0),
(325, 113, 6, 2, 'B', 8, 'LUCAS', 'ABBOTT', '00:00:00', 0),
(326, 113, 6, 1, 'G', 7, 'KATE', 'HAISLAR', '00:00:00', 0),
(327, 131, 6, 2, 'B', 6, 'WILLIAM', 'NETZEL', '00:00:00', 0),
(328, 160, 6, 1, 'G', 8, 'SISSY', 'COMMODORE', '00:00:00', 0),
(329, 187, 6, 2, 'B', 3, 'ISAIAH', 'SCHNARE', '00:00:00', 0),
(330, 139, 6, 2, 'B', 8, 'DAVIS', 'KELLY', '00:00:00', 0),
(331, 139, 6, 2, 'B', 8, 'DUTCH', 'BRENNIN', '00:00:00', 0),
(332, 139, 6, 2, 'B', 8, 'CHARLES', 'MELTON', '00:00:00', 0),
(333, 139, 6, 2, 'B', 7, 'COLE', 'PROM', '00:00:00', 0),
(334, 139, 6, 2, 'B', 8, 'BENNETT', 'ENGHOLM', '00:00:00', 0),
(335, 139, 6, 2, 'B', 8, 'CARTER', 'ANDERSON', '00:00:00', 0),
(336, 139, 6, 2, 'B', 8, 'JOEY', 'LONANDO', '00:00:00', 0),
(337, 139, 6, 2, 'B', 8, 'RYLAN', 'LANKFORD', '00:00:00', 0),
(338, 194, 6, 2, 'B', 5, 'AARON', 'CORDES', '00:00:00', 0),
(339, 194, 6, 2, 'B', 6, 'JOEY', 'SHELTON', '00:00:00', 0),
(340, 194, 6, 2, 'B', 4, 'DAVID', 'SHELTON', '00:00:00', 0),
(341, 188, 6, 2, 'B', 6, 'CALAHAN', 'MOLDENHAUER', '00:00:00', 0),
(342, 129, 6, 2, 'B', 8, 'LEVI', 'CAROTHERS', '00:00:00', 0),
(343, 129, 6, 2, 'B', 8, 'MICHAEL', 'REED', '00:00:00', 0),
(344, 129, 6, 2, 'B', 8, 'JOSH', 'VANVALKENBURG', '00:00:00', 0),
(345, 129, 6, 2, 'B', 8, 'MICAH', 'WETTSCHURACK', '00:00:00', 0),
(346, 129, 6, 2, 'B', 7, 'NORMAN', 'DICKSON', '00:00:00', 0),
(347, 129, 6, 2, 'B', 7, 'CALEB', 'NIEWEDDE', '00:00:00', 0),
(348, 129, 6, 2, 'B', 6, 'LANDON', 'BUSH', '00:00:00', 0),
(349, 129, 6, 2, 'B', 6, 'COLE', 'DEVREESE', '00:00:00', 0),
(350, 129, 6, 1, 'G', 8, 'ANDI', 'CAROTHERS', '00:00:00', 0),
(351, 129, 6, 1, 'G', 8, 'ABBY', 'COLLINS', '00:00:00', 0),
(352, 129, 6, 1, 'G', 8, 'BROOKLYN', 'DONNER', '00:00:00', 0),
(353, 129, 6, 1, 'G', 8, 'DAPHNE', 'MAY', '00:00:00', 0),
(354, 129, 6, 1, 'G', 8, 'LIZZY', 'SCHLAUDROFF', '00:00:00', 0),
(355, 129, 6, 1, 'G', 7, 'RIAN', 'STRIETELMEIER', '00:00:00', 0),
(356, 129, 6, 1, 'G', 6, 'SYDNEY', 'MADDEN', '00:00:00', 0),
(357, 129, 6, 1, 'G', 5, 'AALIYAH', 'MILLER', '00:00:00', 0),
(358, 209, 6, 2, 'B', 7, 'JACOB', 'SCHROEDER', '00:00:00', 0),
(359, 209, 6, 2, 'B', 8, 'KYLE', 'ENKE', '00:00:00', 0),
(360, 209, 6, 2, 'B', 8, 'HUDSON', 'DUCHATEAU', '00:00:00', 0),
(361, 209, 6, 2, 'B', 8, 'MICAH', 'HAMRICK', '00:00:00', 0),
(362, 209, 6, 2, 'B', 8, 'DEAN', 'AKRE', '00:00:00', 0),
(363, 209, 6, 2, 'B', 7, 'WILLIAM', 'MCCOID', '00:00:00', 0),
(364, 209, 6, 2, 'B', 7, 'LEVI', 'MIKEL', '00:00:00', 0),
(365, 209, 6, 2, 'B', 7, 'CALEB', 'WARREN', '00:00:00', 0),
(366, 111, 6, 2, 'B', 5, 'ALEX', 'HURIE', '00:00:00', 0),
(367, 4, 6, 1, 'G', 7, 'RILEY', 'GAAN', '00:00:00', 0),
(368, 66, 6, 1, 'G', 8, 'SAMANTHA', 'WHITLAM', '00:00:00', 0),
(369, 66, 6, 1, 'G', 6, 'AMANDA', 'KRESS', '00:00:00', 0),
(370, 66, 6, 1, 'G', 5, 'ANNABELLA', 'CLARK', '00:00:00', 0),
(371, 66, 6, 1, 'G', 4, 'ELENA', 'KRAPP', '00:00:00', 0),
(372, 66, 6, 1, 'G', 5, 'RAVELLA', 'ROMAN', '00:00:00', 0),
(373, 66, 6, 1, 'G', 8, 'JESSICA', 'PROBST', '00:00:00', 0),
(374, 66, 6, 1, 'G', 6, 'MADELYN', 'KRAPP', '00:00:00', 0),
(375, 66, 6, 1, 'G', 4, 'CAMILLE', 'WESSON', '00:00:00', 0),
(376, 66, 6, 2, 'B', 6, 'MATTHEW', 'KRESS', '00:00:00', 0);

-- --------------------------------------------------------

--
-- Table structure for table `schools`
--

CREATE TABLE `schools` (
  `id` int(11) NOT NULL,
  `name` varchar(50) NOT NULL
) ENGINE=InnoDB DEFAULT CHARSET=latin1;

--
-- Dumping data for table `schools`
--

INSERT INTO `schools` (`id`, `name`) VALUES
(50, 'ABIDING SAVIOR, ST LOUIS, MO'),
(195, 'ATONEMENT, MILWAUKEE, WI'),
(191, 'BEAUTIFUL SAVIOR, WAUKESHA, WI'),
(11, 'BETHANY, NAPERVILLE, IL'),
(51, 'BETHEL, MORTON, IL'),
(52, 'BETHLEHEM, CARSON CITY, NV'),
(131, 'BETHLEHEM, MENOMONEE FALLS, WI'),
(53, 'BETHLEHEM, SHEBOYGAN, WI'),
(54, 'CENTRAL, ST PAUL, MN'),
(170, 'CHICAGO RABBITS'),
(55, 'CHRIST COMMUNITY, KIRKWOOD, MO'),
(56, 'CHRIST THE KING, SOUTHGATE, MI'),
(206, 'CHRIST THE LORD, BROOKFIELD, WI'),
(39, 'CHRISTIAN LIBERTY, ALNGTN HTS, IL'),
(194, 'CONCORDIA, FORT WAYNE, IN'),
(57, 'CONCORDIA, PEORIA, IL'),
(2, 'COOPER, BUFFALO GROVE, IL'),
(58, 'CROSS, YORKVILLE, IL'),
(134, 'CROWN OF LIFE CHRISTIAN ACADEMY, FORT ATKINSON, WI'),
(185, 'CROWN OF LIFE, HUBERTUS, WI'),
(140, 'DECATUR LUTH SCHOOL ASC, DECATUR, IL'),
(143, 'DIVINE REDEEMER, HARTLAND, WI'),
(135, 'EASTSIDE, MADISON, WI'),
(146, 'EMANUEL, HAMBURG, MN'),
(186, 'EMANUEL, NEW LONDON, WI'),
(205, 'EMMANUEL ST MICHAEL, FT. WAYNE, IN'),
(59, 'FIRST IMMANUEL, CEDARBURG, WI'),
(202, 'GOOD SHEPHERD, BURNSVILLE, MN'),
(153, 'GOOD SHEPHERD, WEST BEND, WI'),
(60, 'GRACE, MENOMONEE FALLS, WI'),
(15, 'GRACE, RIVER FOREST, IL'),
(199, 'GREEN PARK, ST. LOUIS, MO'),
(136, 'GUARDIAN LUTH, DEARBORN, MI'),
(61, 'HALES CORNERS LUTHERAN, WI'),
(164, 'HAVEN MS, EVANSTON, IL'),
(204, 'HOLY CROSS, FORT WAYNE, IN'),
(190, 'IMMANUEL - SILO, LEWISTON, MN'),
(127, 'IMMANUEL CHRISTIAN ACADEMY, BROKEN ARROW, OK'),
(62, 'IMMANUEL, BATAVIA, IL'),
(63, 'IMMANUEL, BELVIDERE, IL'),
(64, 'IMMANUEL, BROOKFIELD, WI'),
(36, 'IMMANUEL, CRYSTAL LAKE, IL'),
(65, 'IMMANUEL, EAST DUNDEE, IL'),
(66, 'IMMANUEL, MACOMB, MI'),
(4, 'IMMANUEL, PALATINE, IL'),
(67, 'IMMANUEL, SEYMOUR, IN'),
(68, 'IMMANUEL, ST CHARLES, MO'),
(69, 'IMMANUEL, WASHINGTON, MO'),
(70, 'KING OF KINGS, ROSEVILLE, MN'),
(172, 'LATIN SCHOOL OF CHICAGO, LOWER'),
(34, 'LATIN SCHOOL OF CHICAGO, UPPER'),
(137, 'LEBANON, WATERTOWN, WI'),
(3, 'LINCOLN, MT. PROSPECT, IL'),
(150, 'LIONS PARK, MT PROSPECT, IL'),
(42, 'LONDON, BUFFALO GROVE, IL'),
(71, 'LOVING SHEPHERD, MILWAUKEE, WI'),
(196, 'LUTHERAN INTERPARISH, WILLIAMSBURG, IA'),
(72, 'LUTHERRUN, FT WAYNE, IN'),
(73, 'MORNING STAR, JACKSON, WI'),
(74, 'MT CALVARY, WAUKESHA, WI'),
(177, 'MT OLIVE, APPLETON, WI'),
(125, 'OLD ST MARY\'S, CHICAGO'),
(27, 'OUR LADY PERPETUAL HELP, GLNVW, IL'),
(37, 'OUR LADY WAYSIDE, ARLNGTN HTS, IL'),
(75, 'OUR REDEEMER, DELAVAN, WI'),
(76, 'OUR REDEEMER, WAUWATOSA, WI'),
(77, 'OUR SAVIOR, GRAFTON, WI'),
(78, 'OUR SAVIOR, LANSING, MI'),
(79, 'OUR SAVIOR, SPRINGFIELD, IL'),
(80, 'OUR SHEPHERD, AVON, IN'),
(81, 'OUR SHEPHERD, BIRMINGHAM, MI'),
(82, 'PEACE, HARTFORD, WI'),
(181, 'PEACE, SAGINAW, MI'),
(147, 'PEACE, SUN PRAIRIE, WI'),
(169, 'PERCY JULIAN, OAK PARK, IL'),
(168, 'POPE JOHN XXIII, EVANSTON, IL'),
(163, 'QUEEN OF ALL SAINTS, CHICAGO'),
(40, 'QUEST ACADEMY, PALATINE, IL'),
(139, 'REDEEMER CHRISTIAN ACADEMY, WAYZATA, MN'),
(10, 'RIVER TRAILS, MT. PROSPECT, IL'),
(203, 'ROCHESTER CENTRAL, ROCHESTER, MN'),
(209, 'ROCKFORD LUTHERAN, ROCKFORD, IL'),
(9, 'ROOSEVELT, RIVER FOREST, IL'),
(26, 'SACRED HEART, CHICAGO, IL'),
(13, 'SOUTH, ARLINGTON HEIGHTS, IL'),
(175, 'ST  FRANCIS XAVIER, WILMETTE'),
(19, 'ST ANDREW\'S, PARK RIDGE, IL'),
(173, 'ST BENEDICT, CHICAGO'),
(41, 'ST CLEMENT, CHICAGO, IL'),
(8, 'ST EMILY, MT. PROSPECT, IL'),
(154, 'ST JACOBI, GREENFIELD, WI'),
(174, 'ST JAMES, ARLINGTON HEIGHTS, IL'),
(155, 'ST JOHN NORWOOD, YOUNG AMERICA, MN'),
(83, 'ST JOHN, CAMPBELLSPORT, WI'),
(84, 'ST JOHN, CHAMPAIGN, IL'),
(138, 'ST JOHN, CHASKA, MN'),
(85, 'ST JOHN, CORCORAN, MN'),
(86, 'ST JOHN, ELK RIVER, MN'),
(142, 'ST JOHN, FRASER, MI'),
(200, 'ST JOHN, LANESVILLE, IN'),
(7, 'ST JOHN, LOMBARD, IL'),
(159, 'ST JOHN, MIDLAND, MI'),
(87, 'ST JOHN, MUKWONAGO, WI'),
(184, 'ST JOHN, PLYMOUTH, WI'),
(88, 'ST JOHN, RED BUD, IL'),
(89, 'ST JOHN, ROCHESTER, MI'),
(90, 'ST JOHN, WAUWATOSA, WI'),
(91, 'ST JOHN, WEST BEND, WI'),
(158, 'ST JOHNS, NORWOOD YOUNG AMERICA, MN'),
(179, 'ST JOHNS, NYA, MN'),
(167, 'ST JULIANA, CHICAGO'),
(92, 'ST LORENZ, FRANKENMUTH, MI'),
(176, 'ST LUCAS, KEWASKUM, WI'),
(17, 'ST MARGARET MARY, ALGONQUIN, IL'),
(93, 'ST MARK, GREEN BAY, WI'),
(182, 'ST MARTINS, WINONA, MN'),
(28, 'ST MARY, WOODSTOCK, IL'),
(149, 'ST MARYS, BUFFALO GROVE, IL'),
(166, 'ST MARYS, LAKE FOREST, IL'),
(130, 'ST MATTHEW, OCONOMOWOC, WI'),
(94, 'ST MATTHEW, WALLED LAKE, MI'),
(95, 'ST MICHAELS, RICHVILLE, MI'),
(24, 'ST PAUL LUTH, MT. PROSPECT, IL'),
(152, 'ST PAUL LUTHERAN, ONALASKA, WI'),
(96, 'ST PAUL, ANN ARBOR, MI'),
(145, 'ST PAUL, EAST TROY, WI'),
(207, 'ST PAUL, FORT WAYNE, IN'),
(151, 'ST PAUL, FRANKLIN, WI'),
(97, 'ST PAUL, GRAFTON, WI'),
(187, 'ST PAUL, HAMEL, IL'),
(98, 'ST PAUL, JACKSON, MO'),
(99, 'ST PAUL, JANESVILLE, WI'),
(100, 'ST PAUL, LAKE MILLS, WI'),
(144, 'ST PAUL, MUSKEGO, WI'),
(192, 'ST PAUL, NAPOLEON, OH'),
(101, 'ST PAUL, OCONOMOWOC, WI'),
(189, 'ST PAUL, ROCHELLE, IL'),
(102, 'ST PAUL, WEST ALLIS, WI'),
(1, 'ST PETER, ARLINGTON HEIGHTS, IL'),
(129, 'ST PETER, COLUMBUS, IN'),
(104, 'ST PETER, EASTPOINTE, MI'),
(193, 'ST PETER, FORT WAYNE, IN'),
(14, 'ST PETER, GENEVA, IL'),
(105, 'ST PETER, MACOMB, MI'),
(20, 'ST PETER, SCHAUMBURG, IL'),
(188, 'ST PHILIPS, MILWAUKEE, WI'),
(22, 'ST RAYMOND, MT. PROSPECT, IL'),
(156, 'ST STEPHENS, BEAVER DAM, WI'),
(165, 'ST THERESA, PALATINE, IL'),
(106, 'STAR BETHLEHEM, NEW BERLIN, WI'),
(21, 'THOMAS, ARLINGTON HEIGHTS, IL'),
(6, 'TIMOTHY CHRISTIAN, ELMHURST, IL'),
(171, 'TRAINFIELD EAGLES RUNNING CLUB'),
(107, 'TRINITY 1ST, MINNEAPOLIS, MN'),
(108, 'TRINITY ACADEMY, HUDSON, WI'),
(109, 'TRINITY LONE OAK, EAGAN, MN'),
(35, 'TRINITY LUTH, ROSELLE, IL'),
(25, 'TRINITY OAKS CHRISTIAN, CARY, IL'),
(198, 'TRINITY ST LUKE, WATERTOWN, WI'),
(111, 'TRINITY, BLOOMINGTON, IL'),
(148, 'TRINITY, CEDAR RAPIDS, IA'),
(112, 'TRINITY, CLINTON TOWNSHIP,  MI'),
(126, 'TRINITY, DAVENPORT, IA'),
(113, 'TRINITY, EDWARDSVILLE, IL'),
(183, 'TRINITY, FREISTATT, MO'),
(114, 'TRINITY, JEFFERSON CITY, MO'),
(115, 'TRINITY, MONROE, MI'),
(160, 'TRINITY, RACINE, WI'),
(208, 'TRINITY, RED BUD, IL'),
(162, 'TRINITY, REED CITY, MI'),
(133, 'TRINITY, REESE, MI'),
(116, 'TRINITY, SHEBOYGAN, ,WI'),
(161, 'TRINITY, SPRINGFIELD, ILLINOIS'),
(117, 'TRINITY, STEWARDSON, IL'),
(118, 'TRINITY, UTICA, MI'),
(128, 'TRINITY, WACONIA, MN'),
(178, 'TRINITY, WAUKESHA, WI'),
(119, 'TRINITY, WEST BEND, WI'),
(38, 'WEST LAKE CHRISTIAN, GRAYS LK, IL'),
(120, 'WESTSIDE, MIDDLETON, WI'),
(201, 'WHITE CREEK, COLUMBUS, IN'),
(124, 'WIER HOME SCHOOL BENSENVILLE, IL'),
(121, 'WISCONSIN LUTHERAN, RACINE, WI'),
(122, 'ZION, BELLEVILLE, IL'),
(157, 'ZION, COLUMBUS, WI'),
(141, 'ZION, HARTLAND, WI'),
(23, 'ZION, MARENGO, IL'),
(123, 'ZION, ST CHARLES, MO'),
(180, 'ZION, WAYSIDE, WI');

-- --------------------------------------------------------

--
-- Table structure for table `users`
--

CREATE TABLE `users` (
  `id` int(11) NOT NULL,
  `school_id` int(11) DEFAULT NULL,
  `role` varchar(10) NOT NULL,
  `status` varchar(10) NOT NULL,
  `email` varchar(255) NOT NULL,
  `reset_code` bigint(20) DEFAULT NULL,
  `password` varchar(100) DEFAULT NULL,
  `num_logins` int(11) DEFAULT '0',
  `login_date` datetime DEFAULT '0000-00-00 00:00:00' ON UPDATE CURRENT_TIMESTAMP
) ENGINE=InnoDB DEFAULT CHARSET=latin1;

--
-- Dumping data for table `users`
--

INSERT INTO `users` (`id`, `school_id`, `role`, `status`, `email`, `reset_code`, `password`, `num_logins`, `login_date`) VALUES
(0, 0, 'Admin', 'Active', 'admin@admin', 0, '$2y$10$Aab8mtCmbCdUYxg54dRHM./8uCCasj0s8FpRMwtNx/KRxA.m/wfyq', 1, '2019-09-04 21:02:50'),
(1, 0, 'Admin', 'Active', 'purduetom90@gmail.com', 1667682324, '$2y$10$HeyEGky59OakcK.iDjV65Oxu6zFEPmW6lwzBQZ4IybFvEjGHc5IeS', 1136, '2022-11-05 14:35:24'),
(2, 1, 'NonAdmin', 'Active', 'jeffrey_rodgers@hotmail.com', 0, '$2y$10$z8PJUSdAgFWQh9.ZKG4r8OMrMP0pFeFTc7hYxd6092Ak5EGW/lama', 39, '2022-10-19 11:22:20'),
(5, 6, 'NonAdmin', 'Active', 'snoeyink@timothychristian.com', 0, '$2y$10$BltRXTZPLc6SPMU5iiaOPeu5h1viJLjXr5RM4CySdl3fCbQrGcNKy', 12, '2021-09-17 08:20:36'),
(9, 7, 'NonAdmin', 'Active', 'tom.kalal@stjohnslombard.org', 0, '$2y$10$N5Nnt1OJnT4Oq0JO3d20bOFupcTMTQ5Grm2wPVAalgUr9zJCOKtoO', 1, '2018-10-12 10:10:22'),
(12, 2, 'NonAdmin', 'Active', 'timothy.thiessen@ccsd21.org', 0, '$2y$10$U.N8l4nac2j7XlTOfFhDhe6fmg4.HpfEzWH/UTHOOO3/gX8TimN1u', 12, '2021-09-17 14:37:20'),
(13, 21, 'NonAdmin', 'Active', 'tricia.moore@d214.org', 0, '$2y$10$4ztdyXhntVVPrs0A0amu8e9Vp/DfF57hKh3Q4msCnzb.jkdfRAdqG', 3, '2018-10-12 10:10:22'),
(14, 24, 'NonAdmin', 'Active', 'eyoung@saint-paul.org', 0, '$2y$10$ovuWejpxAniF5.40so8sdOk4jCIgQeFJDRBQcn4aZnCLeYIBVDVHW', 11, '2021-09-27 10:28:07'),
(16, 19, 'NonAdmin', 'Active', 'aarriazola@sbcglobal.net', 0, '$2y$10$ZaMejepV6aM9vKmbE1DW4eNnG9LgEdFZ6MbX9raA94FVGuvL/AHLe', 3, '2018-10-12 10:10:22'),
(17, 10, 'NonAdmin', 'Active', 'blasoski@rtsd26.org', 0, '$2y$10$QdMRxVAi65YNxz3nIbGcHOAtG9EUvowgJl19Yp2ZFEaxlGxhYELWa', 23, '2021-09-20 15:39:01'),
(22, 23, 'NonAdmin', 'Active', 'zionathletics@gmail.com', 0, '$2y$10$3YmyRm9Blq2VQNkNgFW6wugapyXSBPdNGrrY2joqxacwoX/.RDpaK', 17, '2022-10-19 17:07:37'),
(25, 3, 'NonAdmin', 'Active', 'sshaffer@d57.org', 0, '$2y$10$e0IRFAuyAAg4HIU1k8N6bu92JOkGOnNxGeriqk4y1ZiN6ApRueeBi', 13, '2021-09-19 14:30:59'),
(26, 27, 'NonAdmin', 'Active', 'kaksamitowski@olph-il.org', 0, '$2y$10$/XZa8LfW2Xi4IX2H3nhktO75TjoTGUjZ0mtxhD7NsFYvgODbsBzfq', 10, '2021-08-25 07:04:58'),
(29, 15, 'NonAdmin', 'Active', 'richard.alan.brooks@gmail.com', 0, '$2y$10$SABmVeaxoITQbzIYYJLV2e4h2Zt4o8H3XxCxGtFA.GiLQvy97TEAK', 6, '2018-10-16 13:43:54'),
(30, 13, 'NonAdmin', 'Active', 'dfrintner@sd25.org', 0, '$2y$10$Ekod7MIBAy.CtFAPxgNxK.uGAH7Myp/Fe9XdOxHPSxawbJ5JRjzDq', 1, '2018-10-12 10:10:22'),
(32, 20, 'NonAdmin', 'Active', 'mwilcox@stpeterlcms.org', 0, '$2y$10$myejuPVU6eeyFow7P7HJn.dEJkZZeNdBttS0MBofGCQc/gDEeq6dC', 4, '2019-09-24 08:51:10'),
(34, 38, 'NonAdmin', 'Active', 'kperry@westlakechristian.org', 0, '$2y$10$9.AvUytc7J32W035r/gHCustb7VKwtBnpLWoKHrZUKQlgazrpUW62', 3, '2021-09-15 14:03:03'),
(35, 35, 'NonAdmin', 'Active', 'juanita.berdis@trinityroselle.com', 0, '$2y$10$skX4b/gYxKshPI/y.w5.Q.cJXx4gt.ioxP/Te3.AOlxMDwqb9FZZW', 5, '2018-10-14 14:54:52'),
(36, 17, 'NonAdmin', 'Active', 'sas.manaois@comcast.net', 0, '$2y$10$qlh9oMpqd/fQzuzH1de1hOTGWr3vgSZGP97IxanDVlxlgJZGiO7BC', 9, '2018-10-12 10:10:22'),
(37, 14, 'NonAdmin', 'Active', 'bridgetfors44@gmail.com', 0, '$2y$10$EdRny3XNYFi8GwEL5T3T7.I8DCkGV2tqyGThsyzqe7RyXPKWiUqDm', 2, '2019-09-22 21:53:23'),
(39, 9, 'NonAdmin', 'Active', 'starrl@district90.org', 0, '$2y$10$/xypQkbvjNYKKFUYVBg.JeFPY.fGx11lGw0DJRqFsSqLexFVYkTQu', 13, '2021-09-24 11:36:51'),
(49, 112, 'NonAdmin', 'Active', 'athletics@trinityct.org', 0, '$2y$10$25bvqHktxjRnejDz50XcF.xFnk10mpSRykMwcc72vbP2DmDdzSO16', 8, '2019-10-26 08:09:21'),
(50, 55, 'NonAdmin', 'Active', 'balbers@ccls-stlouis.org', 1665633635, '$2y$10$vHlm5fldI9zSflm4hEDM9.yAATjzZhCljHa.vvCqD8cLHqRNgRIom', 12, '2022-10-21 19:14:28'),
(52, 82, 'NonAdmin', 'Active', 'bknoeck5@hotmail.com', 0, '$2y$10$BeoKog/U6CdavGwnpf/SuesXAHTBSAnn6FmCGPffpbOTZ8d0Y7GS.', 1, '2018-10-12 22:55:26'),
(57, 95, 'NonAdmin', 'Active', 'choeppner@stmichaelsrichville.org', 0, '$2y$10$naXJB6YImiQB51Tust/kce1cBI4Bc5mVsGqdr1dfnRM/UCeWKlJr.', 6, '2022-10-12 10:39:12'),
(59, 96, 'NonAdmin', 'Active', 'cohara@stpaulannarbor.org', 0, '$2y$10$k0KBeA4099BwpLZaReY.S.EjGK4404Sg1DBeyrxKUTYoHOklvjS/.', 5, '2019-10-16 09:38:29'),
(60, 73, 'NonAdmin', 'Active', 'conlon30@aol.com', 0, '$2y$10$c3VPsoVk12FP3W2IiKxZ5.9vD03184Xewd5dBiq2od8GKtv.nO1K6', 38, '2022-10-19 04:09:57'),
(64, 113, 'NonAdmin', 'Active', 'daveredden50@gmail.com', 0, '$2y$10$H6a4LYEQjAQRFK8ruxXSoOktilExqduH16O47n2QUeN/Izqb0wBcG', 3, '2021-10-20 16:28:10'),
(65, 106, 'NonAdmin', 'Active', 'dbloomquist@starofbethlehem.org', 0, '$2y$10$2Dch1JgNw6PLyxxvmyIgS.4T/RhYKVVxy5rd.NRSfghRslQ9qyAdq', 3, '2022-10-16 15:14:53'),
(68, 7, 'NonAdmin', 'Active', 'dickerson2105@gmail.com', 0, '$2y$10$JTqTTOFU5Lnlz9IG9dcajuDQpDqi0G2hbkQPjCIOt4xBrfTMH4dma', 16, '2022-10-17 16:38:19'),
(70, 108, 'NonAdmin', 'Active', 'dladuevargas@msn.com', 0, '$2y$10$DigtLGfr.5hyctOb.wqQr.KvXccJ/o/Fskxg4GmnKWpm2VHbHsO0K', 8, '2022-10-12 11:06:45'),
(71, 87, 'NonAdmin', 'Active', 'drkellywolf@gmail.com', 0, '$2y$10$cw6z0/mARF1UZcSlECNX6eC9RgRBY8YWrRYPeeN6oOSNhlvSDnGLG', 3, '2018-10-17 12:05:14'),
(73, 59, 'NonAdmin', 'Active', 'eeverts@fils.org', 0, '$2y$10$3ondeG.1fZSBcSb9710Eqe8kw16O/YjsT0s8DsgEsEMc.ypJrH12G', 8, '2022-10-17 20:52:44'),
(77, 74, 'NonAdmin', 'Active', 'grebernick@mountcalvarywaukesha.org', 0, '$2y$10$Seq2YoyeprqQpnVNlEVuUOvkEqr.cbLuiVmxKeNU.CG1jbss/UDdq', 1, '2018-10-12 01:31:59'),
(78, 54, 'NonAdmin', 'Active', 'gundermanns@yahoo.com', 0, '$2y$10$iCXRYil5wD8X/7eZtUlzUuH2QwWM.70sDABpDTpDU9MDJo5H.2IUS', 1, '2018-10-15 01:12:00'),
(80, 115, 'NonAdmin', 'Active', 'jboldt@trinitylutheranmonroe.org', 0, '$2y$10$YCp9s/OJdiOB6qUpanNJoOAEKDWnB9GenPKH5pe0UeUpXI5wkwidO', 18, '2022-10-19 16:21:58'),
(82, 76, 'NonAdmin', 'Active', 'jenean.cherney@orlctosa.org', 0, '$2y$10$iZ/Rx5M9k0cxLyBN2Gr/le8gQu/JRlJbMl3NrWDXT7l03L47SZHai', 3, '2019-10-14 12:29:47'),
(84, 117, 'NonAdmin', 'Active', 'jgurgel.trinity@gmail.com', 0, '$2y$10$P1ufkmmoTEfuA4XXS3Pi5OEGyQNPuhiMoTuzv8QDfy5G53Tf0/3xK', 32, '2022-10-19 14:58:38'),
(86, 51, 'NonAdmin', 'Active', 'jjacob733@gmail.com', 0, '$2y$10$HN5vTRP2dZ2hxXqmhmYdZu17MFmFMDPHg51/0lfTcWIAaJ2ZCHOxW', 5, '2019-10-24 23:08:49'),
(89, 110, 'NonAdmin', 'Active', 'jmatthies@tslwels.org', 0, '$2y$10$qUx1AtX.HfJntlC8IUGI/O.61B91yQhLPOC5AyNeMIEpCl.aqDwZ.', 6, '2019-10-13 17:04:55'),
(90, 72, 'NonAdmin', 'Active', 'jsmith@esmeagles.com', 0, '$2y$10$DRLrXxtdLf4NJr/GCC9Ftebzt9de3LMXQdGwrbi8nHdXJfVg92y6e', 9, '2021-10-21 19:09:34'),
(92, 65, 'NonAdmin', 'Active', 'kevinbecker@immanuel-ed.org', 1631801599, '$2y$10$JH09KCurYp3kh9hxy36umO15WxXyKfqXUqP/0QyPRE91IW4E2G0oy', 11, '2021-09-16 07:43:19'),
(93, 84, 'NonAdmin', 'Active', 'kgilbert@stjohnls.com', 0, '$2y$10$RnTzIGxnlGRsKK2SM8pQ8ObJtbEp94CBA3DL63Fi9ZWW.4oOYj/le', 8, '2018-10-16 20:40:31'),
(95, 105, 'NonAdmin', 'Active', 'kmay@splcs.net', 0, '$2y$10$yDgAiLENz7Z6skTvkQuqIO9ZFjz5N/l.MCw823sAZDt1uDJ4FqFia', 4, '2018-10-17 19:55:41'),
(97, 111, 'NonAdmin', 'Active', 'kurtbusse@trinluth.org', 0, '$2y$10$ym4pwMqqGz3jOsyRgZ0Y/OU/0EIk1Al7nfJBM5z27rH4XIJaEA2yK', 10, '2022-10-18 09:57:11'),
(99, 53, 'NonAdmin', 'Active', 'lbajus@excel.net', 0, '$2y$10$IhzRdHGYiv5BdSm6isqRX.7Q4046itb7iHD.sG614KJWz0083N11G', 1, '2019-10-12 09:36:26'),
(101, 122, 'NonAdmin', 'Active', 'mark.goerger@illinois.gov', 0, '$2y$10$WXnbsRXNvn7BNmJL9naeEu2wgaHC15eVW8NX7qYLuTYEEZp37qT9.', 5, '2022-10-17 05:45:19'),
(103, 99, 'NonAdmin', 'Active', 'mfenrick@stpaulsjanesville.com', 0, '$2y$10$JblUx5NMbHLzhWEmnye73.6xjrSnqccRi03R7pVCAbzY5oBznuGZm', 5, '2022-10-12 14:31:50'),
(104, 94, 'NonAdmin', 'Active', 'millspaugh.jamie@gmail.com', 0, '$2y$10$k/GHQTGZf2EVZ0tEl4ZssOgbpHRfhrbAR.VMA68q1wrBCUPxx3pJy', 1, '2018-10-15 19:39:53'),
(105, 97, 'NonAdmin', 'Active', 'mountainwille@gmail.com', 0, '$2y$10$tnk4db9DDw5uAR0u5RY0F./nBz0sSrxqWFA6i2l4SUFVw9tGuHlyi', 8, '2021-10-21 13:39:54'),
(106, 81, 'NonAdmin', 'Active', 'nkelso@ourshepherd.net', 0, '$2y$10$43AmhDSEW6ej22/IFD38pOWvGGs/4qdQeljq3p3q3SWIf2z03ZzXe', 3, '2019-10-18 10:39:47'),
(108, 77, 'NonAdmin', 'Active', 'oslsad@oursaviorgrafton.org', 0, '$2y$10$MC9V36ibK0szNPKkMBsTMemr0cBXEdRk2UlF/c0A/uwydbcCp4dxC', 2, '2018-10-09 17:00:32'),
(109, 52, 'NonAdmin', 'Active', 'pastormaschke@gmail.com', 0, '$2y$10$wk79sY9Nof5DefRpZ5LejuH6VUOk1gz.aNYw6Ke.APpt00KNLafty', 6, '2022-10-15 15:16:49'),
(110, 121, 'NonAdmin', 'Active', 'paul.patterson@wlsracine.org', 0, '$2y$10$CeI1JbL9WCfmBnbGrQYB4ugas9kPYGdJl39aYP12DauF4m.WRIEBu', 5, '2019-10-22 21:37:28'),
(112, 61, 'NonAdmin', 'Active', 'pdoherty@hcl.org', 1665512036, '$2y$10$riL9kvMak8VtGMkf38YgZ.w1GfbAMZQAT4FATsB/mwuBB0pPXrZD.', 8, '2022-10-14 10:57:57'),
(113, 67, 'NonAdmin', 'Active', 'polosteph@hotmail.com', 0, '$2y$10$TOGW3EFwBVTgAvpE/01MQOcvtcB6nq2xGBUoiGCdTNzfM334EiGt6', 6, '2019-10-16 09:33:14'),
(116, 123, 'NonAdmin', 'Active', 'reitzjay@gmail.com', 0, '$2y$10$AGdkwRiV5bZgUpNkTtlK/uRHKxDDTcdLYSO/WaNbxPpAFmmtkkdUK', 3, '2019-10-20 21:05:52'),
(117, 78, 'NonAdmin', 'Active', 'rengelbrecht@oursaviorlansing.org', 0, '$2y$10$Jyjk314q.ZPRMx4eOmabROLVQwpZn.W2sBiK9aW.UN6LO3ntI.iYq', 3, '2019-10-20 14:44:21'),
(119, 92, 'NonAdmin', 'Active', 'rob.e.hayes@gmail.com', 0, '$2y$10$lgix4oTaEg/PYxP75TNQ0OE0lTI1fTk6KbIWf2KVQWIL8fudblmb2', 2, '2019-10-20 10:21:10'),
(120, 70, 'NonAdmin', 'Active', 'robbandtp@hotmail.com', 1571009397, '$2y$10$1sxqs8oECgxuMA.ldC.NdeCHZkTOgV6dzuMtLOuG37nLosce5ZpG6', 1, '2019-10-13 18:59:57'),
(121, 58, 'NonAdmin', 'Active', 'ronningfamily@rocketmail.com', 0, '$2y$10$UDzgUsTWgT4rkjngNSSCXeVPXU3TVQzukHa1i9eWRipJAflvtIe8C', 2, '2018-10-18 14:24:45'),
(123, 107, 'NonAdmin', 'Active', 'schield.tfl@gmail.com', 0, '$2y$10$GeOyHpMizclw4EouubNf7.HvxzYIKzUfLD/.nLI3WN.0DQ0gXF.5O', 2, '2018-10-16 08:32:40'),
(126, 81, 'NonAdmin', 'Active', 'spanose@ourshepherd.net', 0, '$2y$10$wpAg/3QSeFRJBfqzmBekNOZ7e4.EWhacoVnNKXKnAXrbuIjd32Tui', 2, '2018-10-16 11:08:21'),
(129, 89, 'NonAdmin', 'Active', 'tbauer@stjohnrochester.org', 0, '$2y$10$AMfIL0kKh16bfgisIIGvHeBQSbMjpJ67TEkVTZVivOhw.sZ3Q/lr6', 70, '2021-10-21 19:11:01'),
(131, 114, 'NonAdmin', 'Active', 'tkmorris@infin.net', 0, '$2y$10$sG62aZFhuwz0kTuKyvetNOQE5OahU2ikxv.vubn9rkyZdtaRVblWa', 11, '2022-10-18 19:23:15'),
(132, 118, 'NonAdmin', 'Active', 'tsiekmann@trinityutica.com', 0, '$2y$10$Rsjh4VWAYzPZFnum9CI9G.KydybpMCuI7Q981iUviIvKboJAsb8zK', 2, '2022-10-16 06:46:43'),
(133, 62, 'NonAdmin', 'Active', 'wertdl@gmail.com', 0, '$2y$10$VVMfKu8d1Klb3JJu/fINnuSPtcTkZxHSRv/32oBeOocQCe7sfJk2S', 9, '2022-10-16 17:44:41'),
(134, 11, 'NonAdmin', 'Active', 'r2kumba@gmail.com', 0, '$2y$10$sOJUWu6p6Uuz2ecvfwvWpuSOvA5E0xT..FZrLT/6tHmzUzp2jebey', 18, '2021-10-21 17:48:31'),
(135, 34, 'NonAdmin', 'Active', 'michelleparekh@mac.com', 0, '$2y$10$aPJGf4UYYms.us4j1tbiKuPY5Z2j3Se26FWVqee8Iz89.XdZRlF3m', 3, '2018-10-12 10:10:22'),
(137, 124, 'NonAdmin', 'Active', 'tjwier@gmail.com', 0, '$2y$10$0Oyfwa0fB2sBKH8xEE./eOjwqC8nyDpHwuE0rqqJJl10294XCuNku', 2, '2019-09-12 15:18:30'),
(138, 125, 'NonAdmin', 'Active', 'fit91@sbcglobal.net', 0, '$2y$10$iG5NixCbJ326t4dvfaGs..tp59Kp/ZIRS1yJVWUkKNSQ6Az.nEM3S', 4, '2018-09-28 15:04:06'),
(139, 65, 'NonAdmin', 'Active', 'teacherbecker@hotmail.com', 0, '$2y$10$6KAqHmLqJd2O7WF7PVmIu.NLjw1jACWhanLDiEy2rmlnnL7FMUVSq', 8, '2021-10-20 14:47:06'),
(140, 4, 'NonAdmin', 'Active', 'cassandergiessen@gmail.com', 0, '$2y$10$QfEZK/Un6h3aee1BWdu/w.Aweif.87PXeaOqQxTA9vj4AL.zHeZhi', 18, '2021-09-25 16:02:52'),
(141, 27, 'NonAdmin', 'Active', 'dzimmer@fleetfeetchicago.com', 0, '$2y$10$MUnhJj0tijA1bXX80SJ9XuZ7orOfCRNVvHZVgNfqaDwgYXu33C9Qm', 1, '2018-10-12 10:10:22'),
(142, 8, 'NonAdmin', 'Active', 'bergs96@comcast.net', 1631932045, '$2y$10$/p6MOciVpZmdZF60tv3jfeDEzW2Y3IfST1GDqRe8LeVzg.oBWBmt2', 3, '2021-09-17 20:16:54'),
(143, 21, 'NonAdmin', 'Active', 'mkrzetowski@sd25.org', 0, '$2y$10$VnNfUXmfFyBJn/WivCVVLOEBI5VrZQ03dv68wUQVYGtaVrVq25ige', 3, '2018-10-12 10:10:22'),
(144, 1, 'NonAdmin', 'Active', 'nonadmin@nonadmin', 0, '$2y$10$oBFNOO4nP1ll0h95ZnDg2ecFegoNfzGeIVaX16kdBFGf6.2BFOQAi', 10, '2018-10-12 10:10:22'),
(145, 126, 'NonAdmin', 'Active', 'timothy.leibold@trinitydavenport.org', 0, '$2y$10$OoYUsit5fGVRDt15GocrCuIgoRzuJbqYRvx3.rM1IknGFSuIWjkpO', 14, '2022-10-16 15:40:55'),
(146, 127, 'NonAdmin', 'Active', 'cswaim@icaba.org', 0, '$2y$10$wBgT5/OQ93RB0yR6.Ijoo.FR7x6IvYQAFP8j63yYnqQNAH07KutkC', 1, '2018-10-03 14:31:35'),
(147, 128, 'NonAdmin', 'Active', 'ronanenson@gmail.com', 0, '$2y$10$84wC0EDOUw3Mq3XSp4A93.I0HJ25rgNoLfk.YSWapuTWaYG8idEWO', 3, '2018-10-13 12:57:38'),
(148, 129, 'NonAdmin', 'Active', 'bwb4d1@gmail.com', 0, '$2y$10$tsFpv6UAuVuVA/KW7d33m.ZHhKf8Pb0xi1Q/.hqFgqNXQl8gBW4yC', 3, '2019-10-21 12:46:08'),
(149, 130, 'NonAdmin', 'Active', 'eziel@smls.org', 0, '$2y$10$atrmXbB3uEI0n4VinywyQ.hu03YX6g2GbIv.1KPfzcybNB8ODWo1.', 5, '2022-10-12 02:55:28'),
(150, 131, 'NonAdmin', 'Active', 'jschopper@bethlehem-wels.org', 0, '$2y$10$5dhvRXL/bb73IbQV3DlbDeVg2AQMs9ygHemGhLCKd.P581JaVmsgq', 18, '2019-10-22 03:21:13'),
(151, 67, 'NonAdmin', 'Active', 'pmb180@yahoo.com', 0, '$2y$10$VP/5vFAHXj3rIYWaicShae.NdRgqsnnCkpPerDhz6hRvCJwtfnIpS', 1, '2018-10-09 13:03:38'),
(152, 67, 'NonAdmin', 'Active', 'cat221973@hotmail.com', 0, '$2y$10$ITieQyDqsGN5v06oX9Pn/ex8IvoBYia4SGLs9q4UImes4VHocNW0m', 1, '2018-10-09 16:32:54'),
(153, 133, 'NonAdmin', 'Active', 'mreinbold23@gmail.com', 0, '$2y$10$/MTBesXFyuyem.ZKvkmcHex2gjbron/vdfjVwIYNrpK.Ok5G6a49O', 39, '2022-10-19 03:50:29'),
(154, 93, 'NonAdmin', 'Active', 'michael.w.hennig@gmail.com', 0, '$2y$10$QefTGmIkOCfQ0n72gdSXvuEj4gc5ZRlmNSaQqf3YR3KRwxjrHYdQa', 5, '2019-10-24 10:54:59'),
(155, 134, 'NonAdmin', 'Active', 'jennifer.ertman@crownoflifeacademy.org', 0, '$2y$10$zxpIsHhEYgSXTS5aNn.FRe3RlR6G7abGYH5Xf2wAuNLpwGy36gPG.', 24, '2022-10-17 13:26:57'),
(156, 90, 'NonAdmin', 'Active', 'kyle.bitter@sjtosa.org', 0, '$2y$10$rP6eIB6mVVsdDWHhJNaSr.4K6fXTTwbv64F9v15GeCXPzZcKKfTSm', 4, '2021-10-14 15:05:09'),
(157, 135, 'NonAdmin', 'Active', 'kwilson@eastsidelutheran.org', 0, '$2y$10$0XBQYwQ5sacCq7GAxhEd.eA/5LfQWVzEdV/4U7Jg/qFlNpNUep8v2', 2, '2018-10-10 14:49:44'),
(158, 136, 'NonAdmin', 'Active', 'karen.collins@guardianlutheran.org', 0, '$2y$10$hhOKPZ2N2mw49BUW3BdZJeYfrM.9Xgg52O8Ws1H.6926IkurN4XQa', 8, '2022-10-14 10:46:43'),
(161, 66, 'NonAdmin', 'Active', 'tstarkey@immlutheran.org', 0, '$2y$10$s8dANmNvem408og1vBmdfOd3IhizbxctPwQ0I5uq9Ny2eAX5F1Z7K', 9, '2022-10-19 10:06:50'),
(162, 137, 'NonAdmin', 'Active', 'witananna@gmail.com', 0, '$2y$10$zrJEiEBKGOUbTQ54yFo76.Q9spAmCJp.qK5dXsNideYa5KlajW.P6', 1, '2018-10-13 13:28:54'),
(163, 138, 'NonAdmin', 'Active', 'jana.beckendorf@stjohns-chaska.org', 0, '$2y$10$JHQP2TDlYJCayYZ/o0QWzu4VSRQf8pcDkUH5wa3Gt1lF42fZEc7uO', 4, '2018-10-16 16:46:11'),
(164, 56, 'NonAdmin', 'Active', 'bvoelz@ctk.me', 0, '$2y$10$Bqu3UfgFQhO5UasVCliYauFIm4yq8Hy3jdCQmvhUarBDPlG0GqUUe', 3, '2019-10-18 15:36:24'),
(165, 68, 'NonAdmin', 'Active', 'cegger@immanuelstcharles.com', 0, '$2y$10$uDJIURxuQ8Fi2FDcUTYPQu.QYkoouP/xoXrb0ygU/EmtCwnkAdmW6', 1, '2018-10-14 19:15:55'),
(166, 68, 'NonAdmin', 'Active', 'cegger@immanuelstcharles.org', 0, '$2y$10$ztsWbx91L5glwoydxEVKc.aIS/RydlfK7JOYrp45madrHDknq37Vy', 4, '2019-10-20 20:04:26'),
(167, 139, 'NonAdmin', 'Active', 'youth@redeemerwayzata.org', 0, '$2y$10$giUIguSWJ/Fg9SNSr4887OWma5qvgYFUBUDmIseYFpLHv/SVnGFUu', 13, '2022-10-18 04:24:55'),
(168, 140, 'NonAdmin', 'Active', 'aelawsoncb@gmail.com', 0, '$2y$10$CPRUG6rSUeC2oahSa25V8.rgSkBooOA9D5ERcit.4EaO748eI0QlK', 1, '2018-10-14 18:40:26'),
(169, 122, 'NonAdmin', 'Active', 'ygoerger@yahoo.com', 0, '$2y$10$VN5gQIp38z0vx.boVaZKfuu/5Gyy6PDx5BGJDLR5mv.z.qSEzzOB6', 8, '2021-10-21 07:04:36'),
(170, 141, 'NonAdmin', 'Active', 'awendl@sbcglobal.net', 0, '$2y$10$d8ppADLBqD1wro8I2f.o6Ofg2u0rCk.8ujPT65QqiE17iifU2EDJ6', 4, '2018-10-18 12:46:13'),
(171, 88, 'NonAdmin', 'Active', 'jpalm@stjohnsredbud.org', 0, '$2y$10$v5vxPDLMgcsiSdSkX9Abve6KajX3PmT0/fX4gdnZ/7RK8SLPX9JbC', 2, '2019-10-21 08:25:48'),
(172, 142, 'NonAdmin', 'Active', 'aswazey@stjohnfraser.org', 0, '$2y$10$HL7NZcWSsGzwXD81i/X4J.5GYT8D0kUlDnEstPv0FlehGQ4Ixf2.y', 1, '2018-10-14 22:54:29'),
(173, 143, 'NonAdmin', 'Active', 'angela.bahr@drlc.org', 0, '$2y$10$Vtp8.4tvM3B4xlqFTOHwzOMZzsJGIvyOjMttY5ek2TTzCgVw2ceqa', 2, '2018-10-18 14:27:11'),
(174, 69, 'NonAdmin', 'Active', 'rethemeyer@yahoo.com', 0, '$2y$10$Lrt2rPbJ1.yG7kegu/TJZOnVCeZj6RDi7zj8um.07d.nT/NIYWpme', 6, '2022-10-19 10:28:20'),
(175, 7, 'NonAdmin', 'Active', 'tkalal@sjleagles.com', 0, '$2y$10$s70RD3lF20HBLmU89xiDLuIDdcchGfLjvgAevqeZIdR2wCWY.pa.a', 3, '2019-10-22 16:23:48'),
(176, 109, 'NonAdmin', 'Active', 'school@tloschool.org', 0, '$2y$10$JuqVGuw5IyrmmAOV/LFUle7gw3ZWKW9zK13oDJr59S4RvwxWPHUR2', 2, '2018-10-15 15:02:32'),
(177, 70, 'NonAdmin', 'Active', 'nschmidtke@kingofkingsroseville.org', 0, '$2y$10$Hgs0ojPDm0dFQsbBzbn0pOPOHY8nFX0qLfW6WfDPP7yYpDc2l9LxS', 4, '2022-10-14 15:24:34'),
(178, 144, 'NonAdmin', 'Active', 'bills@edstrom.com', 0, '$2y$10$KNppziMcU9A4NQY.XLRBx.2AlGs1yCZQBWRSYIL7Jxy8fAFxWMjpO', 2, '2018-10-15 21:37:54'),
(179, 145, 'NonAdmin', 'Active', 'tclauer@wi.rr.com', 0, '$2y$10$iHL8N0ahMUdiiRR.Zz.JYejTs2l9Nhbyu3PHsf8.WuJJ1DtpNVo6G', 4, '2021-10-15 13:57:20'),
(180, 146, 'NonAdmin', 'Active', 'karjan@bethel.edu', 0, '$2y$10$g8.lbfTW4LSKUUXX//0gpuIY4APYDdVPnKJa.eS0QtZrkzZdgK5ky', 3, '2018-10-20 08:15:09'),
(181, 144, 'NonAdmin', 'Active', 'eazov@wi.rr.com', 0, '$2y$10$qWUYwGThBFc76L7.D1GIlODw55sOSRLS9W5KDmFEa8x2VrNkTZz2O', 3, '2018-10-17 00:10:58'),
(182, 147, 'NonAdmin', 'Active', 'jimmy.pingel@gmail.com', 0, '$2y$10$qWGjNW8ABxO5J9RGGyOC0OoTes0qSWfP1ZUF7vevV.g3fpc.RhvRa', 4, '2021-10-17 14:14:20'),
(183, 144, 'NonAdmin', 'Active', 'annaedlb@yahoo.com', 1540054952, '$2y$10$Rxl7TZr/Wmng5elDRfHzD.Zw15hcKb1rUVzrYK/RqgWqdKHRyTjAu', 1, '2018-10-20 12:32:32'),
(184, 148, 'NonAdmin', 'Active', 'muellerm@trinitycr.org', 0, '$2y$10$wfxVUMbowQVOdV3YESFsa.p50q5bKM1iuG5U8wvS4USFZPKQ4z/t6', 3, '2019-10-21 10:46:01'),
(185, 67, 'NonAdmin', 'Active', 'damonwcampbell@gmail.com', 0, '$2y$10$ZhtaILJ/PpMDV0JlIaMQmeFcqoDzCxz3wu1YeLAp4x7agI/amr7wK', 1, '2018-10-16 21:16:19'),
(188, 150, 'NonAdmin', 'Active', 'mskelton1@aol.com', 0, '$2y$10$R4pdnTc72vq.yJ5C11icUuBFSAC9rHZ5V/uf0xs0.nDmw38YhfP5a', 3, '2021-09-10 12:33:07'),
(189, 58, 'NonAdmin', 'Active', 'daffyrn@msn.com', 0, '$2y$10$w0aIt.OewySZDrHIpRTd3u2AsApaDaxv5MWylOeYTsVYcq610r/.u', 10, '2019-10-26 14:31:37'),
(190, 17, 'NonAdmin', 'Active', 'saintmargaretmaryad@gmail.com', 0, '$2y$10$lmKoPrnEOqhHCk3z3OjlCejFugv0Nz/nT/LOTnzk30EbehX8hYeuC', 15, '2019-09-29 18:51:17'),
(191, 35, 'NonAdmin', 'Active', 'sydni.schmelter@trinityroselle.com', 0, '$2y$10$qYVPCk0nUn7JbANhVTPh8e6Q5WiPGPyarAQbTyXu/R2y57oWqbb0S', 2, '2019-09-23 09:18:21'),
(192, 13, 'NonAdmin', 'Active', 'svassos@sd25.org', 0, '$2y$10$S/E4YtAMDvf4Xtz.2Y9ROOv6vyn3it8IWJUmh7JTKTYQH1XiS/3oW', 11, '2021-09-27 14:50:20'),
(193, 19, 'NonAdmin', 'Active', 'mkress@standrewslutheranschool.org', 0, '$2y$10$0dDMlQ7rtOirvU6xBirxPOLeoB7sJzSn3VcafmiVoEgaYAQuGD5i2', 8, '2021-10-23 07:06:04'),
(194, 15, 'NonAdmin', 'Active', 'kwashburn@graceriverforest.org', 1631737927, '$2y$10$9i4VbVxF7cL9bAuPLoDjq.dtxyoqR5a1mg9J.OhR0f3DDQrUqu7cS', 5, '2021-09-15 14:02:07'),
(195, 40, 'NonAdmin', 'Active', 'lorena.diaz@questacademy.org', 0, '$2y$10$V8frpk79oftFQvmP0poUE.r4PkYcjOdBNKG6bWktqKXlMvBAqHnQe', 8, '2021-09-18 14:44:37'),
(196, 128, 'NonAdmin', 'Active', 'njeffries@trinitywaconia.org', 0, '$2y$10$2pCapgvEl4Pkm5UTluFGj.hdXMlzDoJhyjK87o2XXsetTjV4595Ni', 11, '2022-10-17 07:30:46'),
(197, 151, 'NonAdmin', 'Active', 'stephaniejegen@aol.com', 0, '$2y$10$XQ/.PWgiSLLBm.GQSKjGZ.zeqKvniyDvaB.qa1v/4pyMKjo1JNCmy', 3, '2019-10-16 10:46:57'),
(198, 82, 'NonAdmin', 'Active', 'jennilauer@gmail.com', 0, '$2y$10$/7rClr89rcs4gYYrHpH/Zu40gQgyTKvns1cPusYDayKvwlsaig73W', 2, '2019-10-15 09:23:42'),
(199, 152, 'NonAdmin', 'Active', 'mfetcenko@stpaulsonalaska.org', 0, '$2y$10$BSaHCWmFOlxcnzn7drBabeskeLGZkEaABuOcmW/Ucai3On47yFFPG', 1, '2019-10-11 15:20:56'),
(200, 153, 'NonAdmin', 'Active', 'sarah.schmandt@gmail.com', 0, '$2y$10$0VlOHKxXyHXZJKHLsCwSU.zeekaPu78V0HQRIPp2F4.CagXejJrhi', 8, '2022-10-19 14:44:12'),
(201, 53, 'NonAdmin', 'Active', 'ljbsheb@gmail.com', 0, '$2y$10$od1AUkRdeG7jtlH2lwrSh.C/jnSfuT6khvCYWAdYNX2LsGrikF81S', 10, '2019-10-26 17:41:36'),
(202, 154, 'NonAdmin', 'Active', 'dkaurala44@gmail.com', 0, '$2y$10$xYiOtbMc4YHm1ONdCo8.veFrH67T9tilf7uvbW/205Ppu3.x0C5G.', 1, '2019-10-17 17:37:24'),
(203, 155, 'NonAdmin', 'Active', 'pastorbsjnya@gmail.com', 0, '$2y$10$ffGfePCmIYztrYE/vZ.fBuVlufndq2eF1XqZYxEqDUrHDj4/pkKme', 4, '2022-10-19 08:31:57'),
(204, 70, 'NonAdmin', 'Active', 'robert.t.keizer@gmail.com', 0, '$2y$10$hbMBHWVCLkNjt50J21h8rOgXUIRy2GwLFJUzM5DDnb8ibZEoQjX52', 2, '2019-10-14 10:09:13'),
(205, 156, 'NonAdmin', 'Active', 'wmhemling@gmail.com', 0, '$2y$10$SYWVjzfzFCJnOv1D3zNRc.1xrANeozl2HTmqeEVDhINefsNF.CVxy', 1, '2019-10-17 08:30:55'),
(206, 157, 'NonAdmin', 'Active', 'cgrambsch@zioncrusaders.com', 0, '$2y$10$fnVNaZVC00vDrlMsmdk3DuxT0grVS9opsiyDlM.hqpvF0WjlxgKF.', 1, '2019-10-14 11:18:11'),
(208, 109, 'NonAdmin', 'Active', 'robert.orr@tloschool.org', 0, '$2y$10$d6/HAEVb3t.fttprlujCYuzjV.e74Do5aOyVaUZfTJ05/UC/gQK9G', 1, '2019-10-14 12:08:39'),
(209, 127, 'NonAdmin', 'Active', 'tmueller@icaba.org', 0, '$2y$10$tOui9.jHeeT1YARzrQXRgeRoY/VtN13OD8JH4.EvyuX3stzGzLUki', 3, '2019-10-25 11:46:49'),
(210, 100, 'NonAdmin', 'Active', 'kgartner@stpaullakemills.org', 0, '$2y$10$z831oEwAwBZe4Ueg8TbT6u0RunYYtHJ247WcCxBzV7GPCPJZWkebG', 2, '2019-10-16 17:01:27'),
(211, 90, 'NonAdmin', 'Active', 'rebeccanault@gmail.com', 0, '$2y$10$bSAj3t4S75Ys9GWchczuCuosH.cVn/Bqr.y2pXYmjIE61x5dflCyG', 2, '2019-10-26 08:50:00'),
(212, 159, 'NonAdmin', 'Active', 'mhiddings@sjlmidland.org', 0, '$2y$10$.1OEbPXGJdzWKeWBpF1zQOrJngZJsyf/65iXT/dPvlW3Q7jGmKwyi', 2, '2019-10-23 15:04:10'),
(213, 138, 'NonAdmin', 'Active', 'brian.herrmann@stjohns-chaska.org', 0, '$2y$10$NA5WqFvoIHBNY7L3q8Rdi.DUTe4xyLVzi/Wth5bF9P2CZrA03Qzji', 2, '2019-10-21 09:13:57'),
(214, 105, 'NonAdmin', 'Active', 'jotto@splcs.net', 0, '$2y$10$jPTi0jDpZDKyCievlwRmvOw806Uacs1xu3QdxFdLxwvHCgOAuKB4C', 1, '2019-10-18 16:07:58'),
(216, 160, 'NonAdmin', 'Active', 'jsimonis@trinityracine.com', 0, '$2y$10$hglgk8EUIXgSiwHzJ6bVm.G32lwVygXO3cNs4YMtEx0xX34hQtI6C', 5, '2022-10-21 06:59:16'),
(217, 63, 'NonAdmin', 'Active', 'jpedersen@immanuelknights.org', 0, '$2y$10$RAMF8kvTZn1gAnFXoCkKpePctV5FN.AXB8v36K.OrpYNVzN4Up9HO', 2, '2021-10-18 20:03:15'),
(219, 74, 'NonAdmin', 'Active', 'erixe@mountcalvarywaukesha.org', 0, '$2y$10$kkgkcD6lxZfIskC8Yp5gTuqJD8jE7j3UchncLrYko1bk.GKGRGnLK', 3, '2019-10-27 14:39:21'),
(220, 161, 'NonAdmin', 'Active', 'jklug@trinity-lutheran.com', 0, '$2y$10$Ly49tXhE8N009.OIZ9bZ2uYVpLJp3SlL4Mg9hQ0Oyab95Za9myu72', 8, '2021-10-23 00:54:00'),
(221, 56, 'NonAdmin', 'Active', 'vlambrecht@ctk.me', 0, '$2y$10$BqIqYbEN.LzVbYL3plnaHekCmL3P.LmWde0sbBh.tFeNLaufdjZ8.', 4, '2022-10-17 07:35:34'),
(222, 140, 'NonAdmin', 'Active', 'kyounghouse@lsadecatur.net', 0, '$2y$10$VUY2o.qzCe5PHsA1yVh1je12OmlJQqfYdnwHs07cRtWlwtumCwsGi', 2, '2019-10-21 14:43:33'),
(223, 162, 'NonAdmin', 'Active', 'rasaladin@gmail.com', 0, '$2y$10$zKuqWISNH0nMAGcrYWNlOu//lQZZssj.iNhMYTOvQWHW.SaCxxiEW', 1, '2019-10-22 08:16:12'),
(225, 27, 'NonAdmin', 'Active', 'tmryan@gmail.com', 0, '$2y$10$EwOpRTRO.VEAqlciq68PW.36kxODRmTm0//M3lna.EodnoqA.TBt.', 5, '2021-09-26 11:11:48'),
(226, 163, 'NonAdmin', 'Active', 'julian.murphy@comcast.net', 0, '$2y$10$z2pLTH/7V0fsF0PwPISzJeuqKUQqZ3Y5R7SVKqc.VCk7GlDMkpmqW', 6, '2021-09-22 14:01:06'),
(227, 164, 'NonAdmin', 'Active', 'tyssec@district65.net', 0, '$2y$10$6xTgrZ.wp0kjugTfZx723.xOPp5T0SItf2zH7W.efj196peqnmib.', 3, '2021-09-19 11:18:54'),
(228, 165, 'NonAdmin', 'Active', 'gurban01@live.com', 0, '$2y$10$dFchhkUQ98ZzA4B4ybhplO.I2W11/zHKphv0sYp.qof/3DB2MPUJy', 4, '2021-09-18 14:18:11'),
(229, 125, 'NonAdmin', 'Active', 'philip.kepler@gmail.com', 0, '$2y$10$uf4CWn1RBFwb8XPr2QtrJ.1RJf4pc6zjCTX1le2PIwypN0j49IxTe', 6, '2021-09-23 10:45:51'),
(230, 20, 'NonAdmin', 'Active', 'cjungkuntz@stpeterlcms.org', 0, '$2y$10$XUjdG.TNcBW1NpvTwQBRMOxqR1A3Du.G6fqxd73Ix2wyijfNEyRga', 4, '2021-09-07 16:27:11'),
(231, 34, 'NonAdmin', 'Active', 'wwheatley@latinschool.org', 0, '$2y$10$zOUOoSv7527dk21K6uZageuLv/fy9hojzGqEjeVxqueGVJ9PFtuPK', 8, '2021-09-21 11:44:50'),
(232, 166, 'NonAdmin', 'Active', 'sditka@hotmail.com', 0, '$2y$10$9EAy0.QpKWGcsEVSj53azeD2xuCAb3WcPlMRZP1krEsqsVaAKuG6e', 6, '2021-09-20 08:41:48'),
(233, 21, 'NonAdmin', 'Active', 'tslowinski@sd25.org', 0, '$2y$10$oc.yA2cjoWem.w1ufbjLMuwZcKe6q/MaZmKILmEZYF6w6VdHGRTka', 6, '2021-09-17 16:03:31'),
(234, 34, 'NonAdmin', 'Active', 'kgruber@latinschool.org', 0, '$2y$10$RBpCLz/M1o2byuA4ZrJH0ekZQSPRbpvYNq/VpEabnWz6yl1YpmFAy', 3, '2021-09-15 10:56:17'),
(235, 167, 'NonAdmin', 'Active', 'thetullykisors@gmail.com', 0, '$2y$10$nsOdvVniD3DDm8Mw8ml27.miqsnS0NPYszjUkJ7.3XR/i47PQ44Le', 3, '2021-09-22 11:02:19'),
(236, 35, 'NonAdmin', 'Active', 'cillickd@trinityroselle.com', 0, '$2y$10$W.qrVFemcyVRABMvxgyeL.oGBKTYOa.c1zWGxjfkWhMMz07bTLuEq', 5, '2021-09-17 05:47:27'),
(238, 168, 'NonAdmin', 'Active', 'marythallemer@gmail.com', 0, '$2y$10$c5/T27owmNdMSMn8f5VCnOobf8RNz3/MryOtS.XU4Y7/dDg5T0r8y', 2, '2021-09-20 07:22:02'),
(239, 169, 'NonAdmin', 'Active', 'ktysse@op97.org', 0, '$2y$10$Xa7UNu6akJ53Zsxd.jq9IOKecNx6rjCua8JHrOt9gwDuGFhgujGpG', 9, '2021-09-21 17:38:12'),
(240, 58, 'NonAdmin', 'Active', 'aprilreichert@yahoo.com', 0, '$2y$10$9hRanzfV2ZgMQQzYE6Lk8uIegUukaJl/MQooxZAHDq4aJ1psJymTK', 10, '2022-10-15 18:15:00'),
(241, 170, 'NonAdmin', 'Active', 'chirabbits@gmail.com', 0, '$2y$10$G5m/vp4l3Cy4WB4Gm74wwOQnZrRgyUlxflFcxJ/gsO3WKTPkXH/Uy', 8, '2021-09-24 18:36:56'),
(242, 171, 'NonAdmin', 'Active', 'cpacmel11@aol.com', 0, '$2y$10$HcR6WJgtyGDPqn2zuiR50u1t6gaTRoSyDLhWdPppdVklD1bVNvma.', 1, '2021-09-16 18:17:32'),
(243, 15, 'NonAdmin', 'Active', 'rbrooks@graceriverforest.org', 0, '$2y$10$7NWAT2pE19od9BavqDaxiuBoHcaG6vN7S1CuwxpkHeQ5n/abtdcq2', 4, '2021-10-17 18:57:50'),
(244, 172, 'NonAdmin', 'Active', 'kariesahly@gmail.com', 0, '$2y$10$10D1wwmV1Xb4PN2CF5w5m.iVkBxS1JhP0VXeaENug4XlAKtrAAhhK', 5, '2021-09-20 05:02:04'),
(245, 173, 'NonAdmin', 'Active', 'kelly.colpoys@gmail.com', 0, '$2y$10$SaCPCXoCUnMBn1AamTYUgeHCP3.7dn/PdvYrRqgJC7OkfloVHeU4e', 5, '2021-09-24 18:50:34'),
(246, 174, 'NonAdmin', 'Active', 'davelong22@msn.com', 0, '$2y$10$nhojre3ftBkEgEStasd3..y6NPKquANQ5wy40DOkVPUf1v1wubGyq', 3, '2021-09-23 12:53:51'),
(247, 175, 'NonAdmin', 'Active', 'kleist.lauren@gmail.com', 0, '$2y$10$DChjfZWohXn65RGwYHhMxu/zycyWdObtJYyT16EApk6eqAsuKw0LG', 2, '2021-09-22 18:16:08'),
(248, 62, 'NonAdmin', 'Active', 'mcassidy@immanuelbatavia.org', 0, '$2y$10$tEstgjcGIhSIR3ecLarWbeRfv8mOr.R2EWAJ4caXx8C7yjqvIxD/a', 1, '2021-09-17 11:58:47'),
(249, 8, 'NonAdmin', 'Active', 'lynn.laskiewicz@walgreens.com', 0, '$2y$10$Oq7QRJWpE7ePTsJzu5lvvOPwFxUYKxtiCAWcyNS377TuoV32JrzL.', 2, '2021-09-18 09:22:04'),
(250, 68, 'NonAdmin', 'Active', 'abeilsmith13@gmail.com', 0, '$2y$10$ivN8ohrcJc9snBykhslAQ.nFej9B2AzWyVDVrPhZ82TPSpnhf/HjK', 5, '2022-10-13 08:04:44'),
(251, 176, 'NonAdmin', 'Active', 'ad@stlucaswels.org', 0, '$2y$10$wWotLkpkTUUSJsbNbV67cOyycEGcMH3hko8w59n2hL0mahL19AKqC', 4, '2022-10-17 06:44:38'),
(252, 123, 'NonAdmin', 'Active', 'smudd@zionharvester.org', 0, '$2y$10$QSbz3vhDv.9WPXqbf5gbluIgDkhGp9GDuU9PfPqQ3xeGP5mV54qUG', 13, '2022-10-15 22:19:49'),
(253, 91, 'NonAdmin', 'Active', 'ryoung@sjswb.org', 0, '$2y$10$Dj8OYW56FV48yxEtUL5BUuOI5HG3x.f8JSj2B8A3YAq6SJwG50Qi2', 3, '2021-10-19 06:58:00'),
(254, 177, 'NonAdmin', 'Active', 'nathan.gartner@mountoliveappleton.com', 0, '$2y$10$zWcLCJVnPGwPp1gMexpUpuxjjwBDQE41WnxZmgEitrqV/B3DB7IhW', 6, '2021-10-20 11:28:32'),
(255, 178, 'NonAdmin', 'Active', 'rcupkie17@alumni.uwosh.edu', 0, '$2y$10$5M9St3kL4vRsJR99FVoFBuVzq9hIVmxCyYrLNVWJKhBCubOB/ASmK', 3, '2022-10-17 11:41:59'),
(256, 179, 'NonAdmin', 'Active', 'pastorb@stjohnsnya.org', 0, '$2y$10$.bebIJsJ5YNHeHhFFA52XOXmLiUWK5/nQ9K6MLqxRxjkCG6hJ50uS', 9, '2022-10-12 05:13:15'),
(257, 180, 'NonAdmin', 'Active', 'principal@zionwayside.org', 0, '$2y$10$K1K6Jpa/215pgO8bXv2/dePuyihqp5gCVeQTaQ/.Y3hT7wtgarxEa', 5, '2022-10-21 22:27:21'),
(259, 60, 'NonAdmin', 'Active', 'athletics@gracemenomoneefalls.org', 0, '$2y$10$CNv8hcaHy6y2qVS7epzYKenSVyhjVhE4Df076Co5qkFP91jTl7E0W', 3, '2022-10-14 06:40:24'),
(260, 96, 'NonAdmin', 'Active', 'athletics@stpaulannarbor.org', 0, '$2y$10$.42UIXNHS90AjY8q/WF.VO7xbL6U0xIJk1PL4lcJyWPbOjk72kDFi', 3, '2021-10-13 17:14:51'),
(261, 181, 'NonAdmin', 'Active', 'ktrent@peacesaginaw.org', 0, '$2y$10$B8jXzThAC5FfT9MlOSzNb.KrFissvzp/bTmJ9HjJOXYClEUt2wm5e', 3, '2021-10-18 14:34:37'),
(262, 182, 'NonAdmin', 'Active', 'athleticdirector@stmartinswinona.org', 0, '$2y$10$TktXYmxAmrzb7T.7rbTiQurrGBnpMflxEHk9cNju.78fwDA0Ie6OK', 2, '2021-10-14 18:17:05'),
(263, 183, 'NonAdmin', 'Active', 'jason.hunt7291@yahoo.com', 1635000997, '$2y$10$j/P/Uke8atxAIMq0KwrEnO6ZHUy.TUI5aU2JZM0TlHDXJWd0WaiWC', 7, '2021-10-23 08:27:32'),
(264, 184, 'NonAdmin', 'Active', 'ad@sjlplymouth.com', 0, '$2y$10$B0bOjOm7aBzc2pOJD/tHEOwu1MvpOIXwarTy2CJcZrvFbQIMgYQVi', 3, '2021-10-14 20:17:30'),
(265, 185, 'NonAdmin', 'Active', 'belindamatter@gmail.com', 0, '$2y$10$xt8bdeVal71IM4qmBnFfUuH0lf0afKWTwiIrI2jKi9/QFyUob/SRK', 5, '2022-10-23 05:27:24'),
(266, 186, 'NonAdmin', 'Active', 'lisajuneus@yahoo.com', 0, '$2y$10$Z2z5SQ0OJH9f8kpF/6oyGehKB3jJJmtyqNjcKsFjfXqdcGkqOaVmi', 1, '2021-10-15 11:55:09'),
(267, 142, 'NonAdmin', 'Active', 'baylee754@netscape.net', 0, '$2y$10$4Flqu1mZ5X/8Ok4jDDW1i.4WVHTgC.BpMygXLLqHP5L4W4J3VFzV2', 4, '2021-10-23 05:15:04'),
(268, 131, 'NonAdmin', 'Active', 'twendt@bethlehem-wels.org', 0, '$2y$10$3S1lZ/kO69QsTVa9IsO.xO7jVVWiaCMGL0f3YxCH1KQJalwie5jHW', 1, '2021-10-15 08:59:44'),
(269, 101, 'NonAdmin', 'Active', 'adrianna.lubner@splco.org', 0, '$2y$10$6S8fpKGD4rW9/8/7Xr4FFuajqkqS.DQXcZXjipcHkLBZET3skZwVO', 6, '2022-10-18 17:31:45'),
(270, 187, 'NonAdmin', 'Active', 'khreiseck@yahoo.com', 0, '$2y$10$BTzGBtlGHniU41ozs/Zgn.ZMiLbXPQuqSl.6oCkRDt2rlaLJDI1Qi', 12, '2022-10-20 07:48:04'),
(271, 188, 'NonAdmin', 'Active', 'mark.moldenhauer@wlhs.org', 0, '$2y$10$OF7eExf6eEi3zMfdT8uA1unWejQSYUTXpbP722.Nj8YpUQxC/MHIe', 3, '2022-10-18 05:54:42'),
(272, 4, 'NonAdmin', 'Active', 'aarnieri@gmail.com', 0, '$2y$10$lsMfQ76qC/WmRhedIZPpe.ru27rLEqvggsZs0Lao6OmkFMQsI4HIS', 2, '2021-10-18 11:10:56'),
(273, 92, 'NonAdmin', 'Active', 'llaux@stlorenz.org', 1634526765, '$2y$10$PlJWYORvGJ.j4nlDX.b36O7A/SapEOeKh5huTkRdclFAzgIr5xuw2', 5, '2022-10-16 19:10:40'),
(275, 189, 'NonAdmin', 'Active', 'katieororke@rocketmail.com', 0, '$2y$10$mSMKo8G.aqBY9QlThhuY8.2KDOYfzIfyJOZSSUkYrKrQKQPfZv7ra', 18, '2022-10-22 13:25:26'),
(277, 74, 'NonAdmin', 'Active', 'mpingel@mountcalvarywaukesha.org', 0, '$2y$10$jA8UorDonJmU4pyWxg1fzue1z.OMju6GxfWJmLBaT3ZUOPKQ4IdIi', 3, '2022-10-17 04:01:29'),
(278, 1, 'NonAdmin', 'Active', 'hoffman_thomas@shure.com', 0, '$2y$10$zWa/zkxIiDErw4Nyku3i2uBCHSqgXRYbKKLrsPEG3MQxr3UCOEjNG', 3, '2022-08-16 13:44:02'),
(279, 129, 'NonAdmin', 'Active', 'jniewedde@gmail.com', 0, '$2y$10$Fcjj0MxH3G2r9G5Qa3xI0eiOoNBw5cGGAl1ErBg5f8dKhf0xkgXN.', 6, '2022-10-19 18:59:29'),
(280, 79, 'NonAdmin', 'Active', 'phillip.heppe@oursaviors-school.org', 0, '$2y$10$emL5eqWSAqWPlitHJlDvkemKhZr0BM/vXQ6d3/atiIidiIHPhN1OW', 1, '2021-10-18 13:45:03'),
(281, 67, 'NonAdmin', 'Active', 'ilscc@immanuelschool.org', 0, '$2y$10$K/yYuqJkkPWPdfdUeItXFODgPlIElj9uY2Q9S4HMWhWDnTcuVjku2', 1, '2021-10-19 12:17:54'),
(282, 190, 'NonAdmin', 'Active', 'eanderson@immanuelsilo.org', 0, '$2y$10$1PNFQXnaA/4PPDGiyeiqGeRnBHDZWQrUmEYdA7xKbsMfxICeZ0uqa', 3, '2022-10-12 08:23:15'),
(283, 191, 'NonAdmin', 'Active', 'caroline.steinhoff@gmail.com', 0, '$2y$10$DEycTYVuSkSFgXjUbQ/Tk.nftzjisie3X20cRz7KNv8SPrG.ombMa', 1, '2021-10-19 20:32:21'),
(284, 1, 'NonAdmin', 'Active', 'droehrig@fulllifeinchrist.org', 0, '$2y$10$mspLsR0lk16/aZRgzGhQBuPIxdkVm8UzrJaH.kWH96MyDpAmr/qGa', 2, '2022-08-15 21:06:26'),
(285, 89, 'NonAdmin', 'Active', 'jterwilliger@es3.net', 0, '$2y$10$JF7DKCtzyVIvBA9uwC.lNuJkI1BuR/VV2Ci5iwCAKVN.fCdmRz74q', 2, '2022-10-13 11:42:32'),
(286, 192, 'NonAdmin', 'Active', 'mmontgomery@stpaulnapoleon.org', 0, '$2y$10$I5cqEdShpffl3/w7xTt9/eCvryfL/FQioHeXVufSAoPdj4s7y/w3.', 4, '2022-10-12 12:15:44'),
(287, 193, 'NonAdmin', 'Active', 'kervin@stpetersfw.org', 0, '$2y$10$/iwjcekeFlXepXLP7qV5wOaQW3YApyz9TWBt1GSsvYKHAvOfggNnK', 5, '2022-10-17 07:24:46'),
(289, 1, 'NonAdmin', 'Active', 'hoffmat@shure.com', 1665514967, '$2y$10$OK4n4ROYc3DK61g7aQy/c.ouE1xwf6rPPE.SQs07LQjRFezwrBfkm', 8, '2022-10-14 08:46:23'),
(290, 80, 'NonAdmin', 'Active', 'athletics@ourshepherd.org', 0, '$2y$10$dHVX3PzKKeRsVRavPWu8UuQmlcfHT8YVNd2heF0lnfAqZ/ckLAz0a', 3, '2022-10-20 17:43:32'),
(291, 195, 'NonAdmin', 'Active', 'katie.koch@atonementmke.org', 0, '$2y$10$zwJOGB/I3sVjmAysfS1wROoE89kS8gaIB8AQukk.G5QvpsXKKW0j.', 1, '2022-10-13 09:38:51'),
(292, 196, 'NonAdmin', 'Active', 'aarmbrecht@lutheraninterparish.com', 0, '$2y$10$JDFrV6cl0yX56pGAay3r5ua9cgGcRnO273KsRsm8dD9BiR643FnPa', 3, '2022-10-12 06:18:39'),
(293, 198, 'NonAdmin', 'Active', 'yahnkejl@yahoo.com', 0, '$2y$10$9rNO1dNcHFuUP8LzvcrCrevlzxPgka06kgNj38hcldL.LG68ewolK', 2, '2022-10-13 21:16:38'),
(294, 199, 'NonAdmin', 'Active', 'josh.dixon@greenparklutheranschool.org', 0, '$2y$10$R498oauw2.zazVVTWwLxx.Y3h2U7v1A09Df0XMYne2xQiIkGLq/Qq', 4, '2022-10-22 10:03:33'),
(295, 181, 'NonAdmin', 'Active', 'rpett@peacesaginaw.org', 0, '$2y$10$9b42eCozuaqtGlGRgTzUMOSs6zs8UTCgepw5AR41el/MP6SVOcld6', 4, '2022-10-17 06:53:16'),
(296, 200, 'NonAdmin', 'Active', 'caleb.egger@stjohnslanesville.com', 0, '$2y$10$V0QZ6RSS77oiYaq.qElyp.gyk5/QizLuv.DwSYEdbdwLJ4zKxBMSu', 3, '2022-10-13 10:22:49'),
(297, 147, 'NonAdmin', 'Active', 'school.office@peacewels.org', 0, '$2y$10$FWa8Hw4sLiY9AaAaiEeWUud1wjo6SnDogIz81/KaBJd1vUuF2Ev4u', 1, '2022-10-12 10:10:31'),
(298, 201, 'NonAdmin', 'Active', 'craig.a.bolte@raytheon.com', 0, '$2y$10$lVGUgnGMZP3RA9mViPQKgOTPk1xzsOomsntCiCO9z93Ro5BK5fwwW', 6, '2022-10-19 07:15:14'),
(299, 97, 'NonAdmin', 'Active', 'deegerks@gmail.com', 0, '$2y$10$akKs8uRH3E/JD/K0iDlYgev1zaGCsW7WYybfpM4jaoYqXyIYx0X/m', 1, '2022-10-13 18:25:41'),
(300, 202, 'NonAdmin', 'Active', 'stephcairney@gmail.com', 0, '$2y$10$l3Ytn2VH4G6mXAuJqeCZLOxSKuwbR7B.yUpa3dWdtUYYzSsMpoyoG', 8, '2022-10-21 16:47:53'),
(301, 203, 'NonAdmin', 'Active', 'athletics@rcls.net', 0, '$2y$10$sGwQh.v1w9HwEDzznQt19e.n3OZHJvRfrq6NRKwniVrgKGzzuKdeC', 2, '2022-10-18 12:52:56'),
(302, 204, 'NonAdmin', 'Active', 'jeggold@holycrossfw.org', 0, '$2y$10$AvZxZNb/Wf5lz4ZF1qK8Vel0jSZNmOduxI8mWlezHzfolaKTYSpu.', 1, '2022-10-13 10:02:16'),
(303, 205, 'NonAdmin', 'Active', 'kmcguigan@esmeagles.com', 0, '$2y$10$u44Xjh5GTkbvwaD/0TRf5OA64INLKPqSUm0/LuvoyoQYQovLi.oJq', 2, '2022-10-13 12:23:21'),
(304, 191, 'NonAdmin', 'Active', 'skrueger@bsl-school.org', 0, '$2y$10$zLDBjrwndsnVM2.9N/j8s.DfzrCkbUYwAeqr7GHesSqSpv1hpuHH.', 1, '2022-10-13 13:10:42'),
(305, 131, 'NonAdmin', 'Active', 'banetzel@gmail.com', 0, '$2y$10$MvNd2eUQdiyfudkSCbrpY.jZJyLxnaNfTI4/nEjCVf3HlTqrcC5Ce', 2, '2022-10-18 07:53:30'),
(306, 206, 'NonAdmin', 'Active', 'bethany.shiels@gmail.com', 0, '$2y$10$EHfX1b4v/RlifFZfsZL0sOamuEpfENGwg6PWVf6qYK5vrrwsMTCO.', 1, '2022-10-17 10:45:13'),
(307, 138, 'NonAdmin', 'Active', 'elise_wercinski@yahoo.com', 0, '$2y$10$IHQPw8gA8otfPxe45SSXSOQO6kVLY0s8iSRY8PmkHL3i1Lm.zCfF2', 4, '2022-10-22 06:50:54'),
(308, 11, 'NonAdmin', 'Active', 'cbaganz@bethanylcs.org', 0, '$2y$10$WrOYAPDuVv3dh3NQONUaZetljp1Dlu9fjhyfYH82ckHuZsoWHtXGK', 3, '2022-10-17 09:49:33'),
(309, 161, 'NonAdmin', 'Active', 'athletics@trinity-lutheran.com', 0, '$2y$10$GBswwZeWAxD1UP1n9omgV.cpujNl8638SyjG2eeKKl9/p3Yv959aa', 4, '2022-10-17 08:37:29'),
(310, 67, 'NonAdmin', 'Active', 'kdyer51@hotmail.com', 0, '$2y$10$rtBW3lKv4isnrz7RUmADmufATAjUt8uN.mDbQHT.vvkLsM79tCsce', 1, '2022-10-16 19:47:47'),
(311, 51, 'NonAdmin', 'Active', 'runlong01@yahoo.com', 0, '$2y$10$ZOXHRiqTkmd8EXeqon59Y.ajj1HRyxkUVzi1kIwu5LwdQp/M0xciS', 3, '2022-10-18 20:52:51'),
(312, 90, 'NonAdmin', 'Active', 'cindy.kuehn@gmail.com', 0, '$2y$10$fnaXCV/X2QY7rKdGiqDPi.B/nQXQjn66u9JILGxju52ojJ0/0Ge76', 2, '2022-10-17 12:44:48'),
(314, 207, 'NonAdmin', 'Active', 'amwhirrett@gmail.com', 0, '$2y$10$aQ23BrE0UQy2ZUuw9TI3Z.EKS8GiAenyTV7J63m2ElRI/aFyhB/Iq', 1, '2022-10-17 06:55:53'),
(315, 208, 'NonAdmin', 'Active', 'liefer205@gmail.com', 0, '$2y$10$qIelHPVwhtp8WeZCtNYEgeivqKfjm.8WDFfXjAvdyGB67ubHFix3.', 5, '2022-10-21 14:04:57'),
(316, 194, 'NonAdmin', 'Active', 'arosin@clscubs.org', 0, '$2y$10$2G5Z9sONRF1q5ceEoUhog.9EosFSufhNwk/lDA/I.jrcZ60w3Ix3.', 2, '2022-10-18 05:51:46'),
(317, 65, 'NonAdmin', 'Active', 'cnavarro@immanuel-ed.org', 0, '$2y$10$j4mY7TPv2XLdTYv2PNlpg.4KiuYVTwsf0lhcM0juWdzx83RJO8NK6', 1, '2022-10-17 13:41:06'),
(318, 84, 'NonAdmin', 'Active', 'cc@stjohnls.com', 0, '$2y$10$btUsSUHnowEXhDH83P4.NOXU69J9TxO8lOqGmy0yO/sYG2dU1X2NW', 9, '2022-10-22 11:41:57'),
(319, 15, 'NonAdmin', 'Active', 'agarcia@graceriverforest.org', 0, '$2y$10$VHKw8x8p1p9HgrXQurogr.fiAtTZl3xYceBHBZ.ZvPCpvJE5GiXgS', 2, '2022-10-21 09:15:00'),
(320, 113, 'NonAdmin', 'Active', 'mundy1975@hotmail.com', 0, '$2y$10$xT6xhDAFSR0a8dHLtHUYBOLo5U2bXi8QwGjHE9nirhn2skBr9vDKG', 2, '2022-10-17 20:10:18'),
(321, 209, 'NonAdmin', 'Active', 'emcbee@rockfordlutheran.org', 0, '$2y$10$XmqyOOegqYftLqPol.iV.uuee5v1QvL26tdWHx1K6HAgBqegiLbHS', 3, '2022-10-18 14:36:55'),
(322, 4, 'NonAdmin', 'Active', 'ntizewski7@gmail.com', 0, '$2y$10$LeQjOFPSWE.hE4B7DRrSKOev8iPoqlYIarAzGsLC49oh18yAt0pPe', 1, '2022-10-18 20:17:05');

--
-- Indexes for dumped tables
--

--
-- Indexes for table `events`
--
ALTER TABLE `events`
  ADD PRIMARY KEY (`id`),
  ADD UNIQUE KEY `ev_name` (`ev_name`),
  ADD UNIQUE KEY `ev_date` (`ev_date`);

--
-- Indexes for table `pending_users`
--
ALTER TABLE `pending_users`
  ADD PRIMARY KEY (`id`),
  ADD UNIQUE KEY `email` (`email`);

--
-- Indexes for table `races`
--
ALTER TABLE `races`
  ADD PRIMARY KEY (`id`),
  ADD UNIQUE KEY `event_id` (`event_id`,`description`);

--
-- Indexes for table `runners`
--
ALTER TABLE `runners`
  ADD PRIMARY KEY (`id`),
  ADD UNIQUE KEY `school_id` (`school_id`,`event_id`,`first_name`,`last_name`);

--
-- Indexes for table `schools`
--
ALTER TABLE `schools`
  ADD PRIMARY KEY (`id`),
  ADD UNIQUE KEY `name` (`name`);

--
-- Indexes for table `users`
--
ALTER TABLE `users`
  ADD PRIMARY KEY (`id`),
  ADD UNIQUE KEY `email` (`email`);

--
-- AUTO_INCREMENT for dumped tables
--

--
-- AUTO_INCREMENT for table `events`
--
ALTER TABLE `events`
  MODIFY `id` int(11) NOT NULL AUTO_INCREMENT, AUTO_INCREMENT=7;

--
-- AUTO_INCREMENT for table `runners`
--
ALTER TABLE `runners`
  MODIFY `id` int(11) NOT NULL AUTO_INCREMENT, AUTO_INCREMENT=377;
COMMIT;

/*!40101 SET CHARACTER_SET_CLIENT=@OLD_CHARACTER_SET_CLIENT */;
/*!40101 SET CHARACTER_SET_RESULTS=@OLD_CHARACTER_SET_RESULTS */;
/*!40101 SET COLLATION_CONNECTION=@OLD_COLLATION_CONNECTION */;
