 Server: custsqlmoo15  -   Database: xcreg3
 
-- phpMyAdmin SQL Dump
-- version 2.8.0.1
-- http://www.phpmyadmin.net
-- 
-- Host: custsqlmoo15
-- Generation Time: Oct 17, 2018 at 09:36 AM
-- Server version: 5.6.37
-- PHP Version: 4.4.9
-- 
-- Database: `xcreg3`
-- 

-- --------------------------------------------------------

-- 
-- Table structure for table `events`
-- 

DROP TABLE IF EXISTS `events`;
CREATE TABLE `events` (
  `id` int(11) NOT NULL AUTO_INCREMENT,
  `ev_name` varchar(25) DEFAULT NULL,
  `ev_date` date DEFAULT NULL,
  `ev_reg_status` varchar(25) DEFAULT 'Open',
  `ev_contact_email` varchar(255) DEFAULT NULL,
  `ev_contact_phone` varchar(20) DEFAULT NULL,
  PRIMARY KEY (`id`),
  UNIQUE KEY `ev_name` (`ev_name`),
  UNIQUE KEY `ev_date` (`ev_date`)
) ENGINE=InnoDB AUTO_INCREMENT=4 DEFAULT CHARSET=latin1 AUTO_INCREMENT=4 ;

-- 
-- Dumping data for table `events`
-- 

INSERT INTO `events` VALUES (2, 'FRED D. MARTIN, 2018', '2018-09-29', 'Closed', 'purduetom90@gmail.com', '2243555077');
INSERT INTO `events` VALUES (3, 'LUTHERAN NATIONAL, 2018', '2018-10-20', 'Closed', 'purduetom90@gmail.com', '2243555077');

-- --------------------------------------------------------

-- 
-- Table structure for table `pending_users`
-- 

DROP TABLE IF EXISTS `pending_users`;
CREATE TABLE `pending_users` (
  `id` int(11) NOT NULL,
  `email` varchar(255) NOT NULL,
  `school_name` varchar(50) NOT NULL,
  `req_date` datetime DEFAULT CURRENT_TIMESTAMP,
  PRIMARY KEY (`id`),
  UNIQUE KEY `email` (`email`)
) ENGINE=InnoDB DEFAULT CHARSET=latin1;

-- 
-- Dumping data for table `pending_users`
-- 


-- --------------------------------------------------------

-- 
-- Table structure for table `races`
-- 

DROP TABLE IF EXISTS `races`;
CREATE TABLE `races` (
  `id` int(11) NOT NULL,
  `event_id` int(11) NOT NULL,
  `distance` float(4,2) NOT NULL,
  `sex` varchar(1) NOT NULL DEFAULT 'U',
  `description` varchar(25) DEFAULT NULL,
  PRIMARY KEY (`id`),
  UNIQUE KEY `event_id` (`event_id`,`description`)
) ENGINE=InnoDB DEFAULT CHARSET=latin1;

-- 
-- Dumping data for table `races`
-- 

INSERT INTO `races` VALUES (8, 2, 1.00, 'B', 'BOYS 1.0');
INSERT INTO `races` VALUES (9, 2, 1.50, 'B', 'BOYS 1.5');
INSERT INTO `races` VALUES (10, 2, 2.00, 'B', 'BOYS 2.0');
INSERT INTO `races` VALUES (11, 2, 1.00, 'G', 'GIRLS 1.0');
INSERT INTO `races` VALUES (12, 2, 1.50, 'G', 'GIRLS 1.5');
INSERT INTO `races` VALUES (13, 2, 2.00, 'G', 'GIRLS 2.0');
INSERT INTO `races` VALUES (14, 3, 2.00, 'B', 'BOYS 2.0');
INSERT INTO `races` VALUES (15, 3, 2.00, 'G', 'GIRLS 2.0');

-- --------------------------------------------------------

-- 
-- Table structure for table `runners`
-- 

DROP TABLE IF EXISTS `runners`;
CREATE TABLE `runners` (
  `id` int(11) NOT NULL AUTO_INCREMENT,
  `school_id` int(11) NOT NULL,
  `event_id` int(11) NOT NULL,
  `race_id` int(11) NOT NULL,
  `sex` varchar(1) NOT NULL,
  `grade` tinyint(4) NOT NULL,
  `first_name` varchar(25) NOT NULL,
  `last_name` varchar(25) NOT NULL,
  PRIMARY KEY (`id`),
  UNIQUE KEY `school_id` (`school_id`,`event_id`,`first_name`,`last_name`)
) ENGINE=InnoDB AUTO_INCREMENT=1280 DEFAULT CHARSET=latin1 AUTO_INCREMENT=1280 ;

-- 
-- Dumping data for table `runners`
-- 

INSERT INTO `runners` VALUES (1, 20, 2, 10, 'B', 8, 'LUKE', 'BAHN');
INSERT INTO `runners` VALUES (2, 20, 2, 10, 'B', 8, 'JOJO', 'HINTZ');
INSERT INTO `runners` VALUES (3, 20, 2, 10, 'B', 7, 'NICHOLAS', 'MARTINEZ');
INSERT INTO `runners` VALUES (4, 20, 2, 10, 'B', 7, 'ANTHONY', 'POSTELNIK');
INSERT INTO `runners` VALUES (5, 20, 2, 13, 'G', 7, 'LYLA', 'MILTZ');
INSERT INTO `runners` VALUES (6, 20, 2, 9, 'B', 5, 'AARON', 'VOELTZ');
INSERT INTO `runners` VALUES (7, 20, 2, 12, 'G', 5, 'EDEN', 'HOPKINS');
INSERT INTO `runners` VALUES (8, 20, 2, 12, 'G', 5, 'AGNA', 'JENARDHANAN');
INSERT INTO `runners` VALUES (9, 20, 2, 12, 'G', 5, 'HANA', 'MILTZ');
INSERT INTO `runners` VALUES (10, 20, 2, 12, 'G', 6, 'IZZY', 'SCHULER');
INSERT INTO `runners` VALUES (11, 27, 2, 10, 'B', 7, 'MATT', 'BARNEY');
INSERT INTO `runners` VALUES (12, 27, 2, 10, 'B', 8, 'CHASE', 'BLANCHARD');
INSERT INTO `runners` VALUES (13, 27, 2, 12, 'G', 6, 'CAYLIE', 'BROWE');
INSERT INTO `runners` VALUES (14, 27, 2, 8, 'B', 6, 'TEEGAN', 'BROWE');
INSERT INTO `runners` VALUES (15, 27, 2, 13, 'G', 7, 'EMMA', 'BURKE');
INSERT INTO `runners` VALUES (16, 27, 2, 12, 'G', 7, 'AMELIA', 'COLE');
INSERT INTO `runners` VALUES (17, 27, 2, 13, 'G', 7, 'KATIE', 'CONDON');
INSERT INTO `runners` VALUES (18, 27, 2, 10, 'B', 7, 'MATTHEW', 'CONROY');
INSERT INTO `runners` VALUES (19, 27, 2, 9, 'B', 7, 'CHARLIE', 'COX');
INSERT INTO `runners` VALUES (20, 27, 2, 12, 'G', 8, 'BERKLEY-AYNE', 'DORSTEN');
INSERT INTO `runners` VALUES (21, 27, 2, 8, 'B', 8, 'LUKE', 'GAMBER');
INSERT INTO `runners` VALUES (22, 27, 2, 13, 'G', 7, 'SOPHIA', 'GOLDBERG');
INSERT INTO `runners` VALUES (23, 27, 2, 10, 'B', 8, 'RYAN', 'GREEN');
INSERT INTO `runners` VALUES (24, 27, 2, 12, 'G', 6, 'SOPHIA', 'GREEN');
INSERT INTO `runners` VALUES (25, 27, 2, 8, 'B', 5, 'ADAM', 'GUTTSCHOW');
INSERT INTO `runners` VALUES (26, 27, 2, 12, 'G', 7, 'ASHLEE', 'HACKL');
INSERT INTO `runners` VALUES (27, 27, 2, 11, 'G', 6, 'EMMA', 'HERNANDEZ');
INSERT INTO `runners` VALUES (28, 27, 2, 8, 'B', 6, 'CONNOR', 'HERRINGTON');
INSERT INTO `runners` VALUES (29, 27, 2, 8, 'B', 8, 'LUKE', 'HOLECEK');
INSERT INTO `runners` VALUES (30, 27, 2, 10, 'B', 6, 'RYAN', 'JACKSON');
INSERT INTO `runners` VALUES (31, 27, 2, 11, 'G', 7, 'SURI', 'KIM');
INSERT INTO `runners` VALUES (32, 27, 2, 8, 'B', 5, 'KASEY', 'KISSNER');
INSERT INTO `runners` VALUES (33, 27, 2, 9, 'B', 8, 'SEAN', 'MINIHANE');
INSERT INTO `runners` VALUES (34, 27, 2, 9, 'B', 8, 'MATTHEW', 'NUGENT');
INSERT INTO `runners` VALUES (35, 27, 2, 10, 'B', 8, 'JOEY', 'PIERACCI');
INSERT INTO `runners` VALUES (36, 27, 2, 9, 'B', 7, 'JACK', 'QUALKENBUSH');
INSERT INTO `runners` VALUES (37, 27, 2, 9, 'B', 6, 'KEVIN', 'SCHUH');
INSERT INTO `runners` VALUES (38, 27, 2, 11, 'G', 6, 'ROSIE', 'SEITZ');
INSERT INTO `runners` VALUES (39, 27, 2, 13, 'G', 7, 'GRACE', 'STAUDER');
INSERT INTO `runners` VALUES (40, 27, 2, 13, 'G', 7, 'JOSIE', 'VASILJ');
INSERT INTO `runners` VALUES (41, 27, 2, 8, 'B', 8, 'OWEN', 'WEISENSEL');
INSERT INTO `runners` VALUES (42, 27, 2, 13, 'G', 8, 'TARA', 'WIRSCHORECK');
INSERT INTO `runners` VALUES (43, 27, 2, 13, 'G', 7, 'GIGI', 'ZERA');
INSERT INTO `runners` VALUES (44, 27, 2, 11, 'G', 7, 'BELLA', 'ZIMMER');
INSERT INTO `runners` VALUES (45, 27, 2, 11, 'G', 8, 'ALLISON', 'OBRIEN');
INSERT INTO `runners` VALUES (46, 27, 2, 12, 'G', 7, 'ANNA', 'O''BRIEN');
INSERT INTO `runners` VALUES (47, 27, 2, 8, 'B', 6, 'DEVIN', 'O''HARA');
INSERT INTO `runners` VALUES (48, 34, 2, 10, 'B', 8, 'AKILI', 'PAREKH');
INSERT INTO `runners` VALUES (49, 124, 2, 11, 'G', 4, 'KARI', 'WIER');
INSERT INTO `runners` VALUES (50, 9, 2, 10, 'B', 8, 'AIDAN', 'BUTLER');
INSERT INTO `runners` VALUES (51, 9, 2, 10, 'B', 7, 'GUS', 'DWYER');
INSERT INTO `runners` VALUES (52, 9, 2, 10, 'B', 7, 'CARLO', 'LISSUZZO');
INSERT INTO `runners` VALUES (53, 9, 2, 10, 'B', 8, 'BEN', 'NIEWOEHNER');
INSERT INTO `runners` VALUES (54, 9, 2, 10, 'B', 7, 'BEN', 'QUINN');
INSERT INTO `runners` VALUES (55, 9, 2, 10, 'B', 8, 'HENRY', 'ROLOFF');
INSERT INTO `runners` VALUES (56, 9, 2, 10, 'B', 8, 'JOSH', 'KILWORTH');
INSERT INTO `runners` VALUES (57, 9, 2, 10, 'B', 8, 'KEIRAN', 'CASSIDY');
INSERT INTO `runners` VALUES (58, 9, 2, 9, 'B', 8, 'RYAN', 'MONTROY');
INSERT INTO `runners` VALUES (59, 9, 2, 10, 'B', 8, 'NOLAN', 'VITALE');
INSERT INTO `runners` VALUES (60, 9, 2, 10, 'B', 7, 'WILL', 'GLADDEN');
INSERT INTO `runners` VALUES (61, 9, 2, 10, 'B', 8, 'WILL', 'KELLY');
INSERT INTO `runners` VALUES (62, 9, 2, 10, 'B', 8, 'ELI', 'RODGERS');
INSERT INTO `runners` VALUES (63, 9, 2, 9, 'B', 5, 'JACKSON', 'BLACKWELL');
INSERT INTO `runners` VALUES (64, 9, 2, 9, 'B', 5, 'NIC', 'LISSUZZO');
INSERT INTO `runners` VALUES (65, 9, 2, 9, 'B', 5, 'HUGH', 'DWYER');
INSERT INTO `runners` VALUES (66, 9, 2, 9, 'B', 6, 'ANDREW', 'HARMON');
INSERT INTO `runners` VALUES (68, 9, 2, 9, 'B', 6, 'LUCA', 'FLODIN');
INSERT INTO `runners` VALUES (69, 9, 2, 9, 'B', 6, 'EAMONN', 'CASSIDY');
INSERT INTO `runners` VALUES (71, 9, 2, 9, 'B', 6, 'WARREN', 'VITALE');
INSERT INTO `runners` VALUES (72, 9, 2, 9, 'B', 5, 'MATT', 'SIMON');
INSERT INTO `runners` VALUES (76, 9, 2, 13, 'G', 8, 'REGAN MARY', 'CRONIN');
INSERT INTO `runners` VALUES (78, 9, 2, 13, 'G', 8, 'LEORA', 'KURTZ');
INSERT INTO `runners` VALUES (79, 9, 2, 13, 'G', 8, 'AVA', 'MARTINEZ');
INSERT INTO `runners` VALUES (80, 9, 2, 13, 'G', 8, 'AVERY', 'MINNIS');
INSERT INTO `runners` VALUES (81, 9, 2, 13, 'G', 7, 'MALINDA', 'MEYER');
INSERT INTO `runners` VALUES (82, 9, 2, 13, 'G', 6, 'MARIA', 'POLYAKOV');
INSERT INTO `runners` VALUES (83, 9, 2, 13, 'G', 7, 'RACHEL', 'PRESTES');
INSERT INTO `runners` VALUES (84, 9, 2, 13, 'G', 8, 'NATALIE', 'QUINN');
INSERT INTO `runners` VALUES (85, 9, 2, 13, 'G', 8, 'KATE', 'STURGEON');
INSERT INTO `runners` VALUES (87, 9, 2, 12, 'G', 6, 'NORAH', 'BUTTERLY');
INSERT INTO `runners` VALUES (88, 9, 2, 12, 'G', 5, 'KATE', 'COX');
INSERT INTO `runners` VALUES (89, 9, 2, 12, 'G', 5, 'MADDIE', 'COX');
INSERT INTO `runners` VALUES (91, 9, 2, 12, 'G', 5, 'JADE', 'MORELLI');
INSERT INTO `runners` VALUES (92, 9, 2, 12, 'G', 6, 'SADIE', 'MURPHY');
INSERT INTO `runners` VALUES (94, 9, 2, 12, 'G', 6, 'CAROLINE', 'VITETZEN');
INSERT INTO `runners` VALUES (101, 34, 2, 13, 'G', 8, 'ALICE', 'MIHAS');
INSERT INTO `runners` VALUES (102, 34, 2, 13, 'G', 7, 'REESE', 'BENFORD');
INSERT INTO `runners` VALUES (103, 34, 2, 13, 'G', 7, 'FIONA', 'O''TOOLE');
INSERT INTO `runners` VALUES (104, 34, 2, 13, 'G', 6, 'HAYDEN', 'FISCHER');
INSERT INTO `runners` VALUES (105, 34, 2, 13, 'G', 6, 'MIA', 'KOTLER');
INSERT INTO `runners` VALUES (106, 34, 2, 13, 'G', 6, 'MOLLY', 'ZAHN');
INSERT INTO `runners` VALUES (107, 34, 2, 9, 'B', 8, 'WILLIAM', 'BREMAN');
INSERT INTO `runners` VALUES (108, 34, 2, 10, 'B', 8, 'CHARLIE', 'COLEMAN');
INSERT INTO `runners` VALUES (109, 34, 2, 10, 'B', 8, 'WILL', 'DEL''HIERRO');
INSERT INTO `runners` VALUES (110, 34, 2, 10, 'B', 8, 'MATTHEW', 'KOTCHER');
INSERT INTO `runners` VALUES (111, 34, 2, 9, 'B', 8, 'WESLEY', 'MCMILLAN');
INSERT INTO `runners` VALUES (112, 34, 2, 10, 'B', 6, 'NELSON', 'MITCHELL');
INSERT INTO `runners` VALUES (113, 34, 2, 10, 'B', 6, 'BEN', 'GIBSON');
INSERT INTO `runners` VALUES (114, 34, 2, 9, 'B', 8, 'PATRICK', 'SHRAKE');
INSERT INTO `runners` VALUES (115, 34, 2, 10, 'B', 7, 'AIDEN', 'HU-LOWENTHAL');
INSERT INTO `runners` VALUES (116, 34, 2, 9, 'B', 7, 'EDDIE', 'WEGNER');
INSERT INTO `runners` VALUES (117, 34, 2, 9, 'B', 6, 'SAMMY', 'EPISCOPE');
INSERT INTO `runners` VALUES (118, 35, 2, 9, 'B', 5, 'COLTON', 'SIWICKI');
INSERT INTO `runners` VALUES (119, 35, 2, 9, 'B', 6, 'ALEX', 'EGGERDING');
INSERT INTO `runners` VALUES (120, 35, 2, 9, 'B', 5, 'LOGAN', 'HUYVAERT');
INSERT INTO `runners` VALUES (121, 35, 2, 13, 'G', 6, 'MADELINE', 'BARATTA');
INSERT INTO `runners` VALUES (122, 35, 2, 13, 'G', 6, 'KYRA', 'EPTING');
INSERT INTO `runners` VALUES (123, 35, 2, 13, 'G', 7, 'AMBER', 'HEBEIN');
INSERT INTO `runners` VALUES (124, 35, 2, 10, 'B', 8, 'ETHAN', 'BARATTA');
INSERT INTO `runners` VALUES (125, 35, 2, 10, 'B', 5, 'GRAYSON', 'EPTING');
INSERT INTO `runners` VALUES (126, 7, 2, 9, 'B', 8, 'COOPER', 'HOFFMANN');
INSERT INTO `runners` VALUES (127, 7, 2, 13, 'G', 8, 'MACKENZIE', 'HUBER');
INSERT INTO `runners` VALUES (128, 7, 2, 9, 'B', 7, 'HARPER', 'BRYAN');
INSERT INTO `runners` VALUES (129, 7, 2, 9, 'B', 7, 'SAM', 'NOORDHOEK');
INSERT INTO `runners` VALUES (130, 7, 2, 9, 'B', 7, 'LUKE', 'ROMANO');
INSERT INTO `runners` VALUES (131, 7, 2, 9, 'B', 6, 'WILL', 'HOFFMANN');
INSERT INTO `runners` VALUES (132, 7, 2, 9, 'B', 6, 'ETHAN', 'NOELLSCH');
INSERT INTO `runners` VALUES (133, 7, 2, 9, 'B', 6, 'JACK', 'HAWKINS');
INSERT INTO `runners` VALUES (134, 7, 2, 9, 'B', 6, 'ZACH', 'MORRIS');
INSERT INTO `runners` VALUES (135, 7, 2, 9, 'B', 5, 'SAM', 'WALTON');
INSERT INTO `runners` VALUES (136, 7, 2, 9, 'B', 5, 'TREVOR', 'SOSIN');
INSERT INTO `runners` VALUES (137, 7, 2, 9, 'B', 5, 'JOHN', 'REMLINGER');
INSERT INTO `runners` VALUES (138, 7, 2, 9, 'B', 4, 'SAM', 'FIRNSIN');
INSERT INTO `runners` VALUES (139, 7, 2, 9, 'B', 4, 'CHARLIE', 'GIDCUMB');
INSERT INTO `runners` VALUES (140, 7, 2, 9, 'B', 4, 'AARON', 'HERNANDEZ');
INSERT INTO `runners` VALUES (141, 7, 2, 11, 'G', 6, 'ISABELLA', 'HERNANDEZ');
INSERT INTO `runners` VALUES (142, 7, 2, 11, 'G', 5, 'GEORGIA', 'BRYAN');
INSERT INTO `runners` VALUES (143, 7, 2, 11, 'G', 4, 'NELLIE', 'QUINN');
INSERT INTO `runners` VALUES (144, 7, 2, 11, 'G', 4, 'KATELYN', 'GULLANG');
INSERT INTO `runners` VALUES (145, 7, 2, 11, 'G', 4, 'RACHEL', 'VAN THOLEN');
INSERT INTO `runners` VALUES (146, 7, 2, 11, 'G', 4, 'GABRIELLA', 'FISHER');
INSERT INTO `runners` VALUES (147, 7, 2, 8, 'B', 4, 'MARCO', 'FERNANDEZ');
INSERT INTO `runners` VALUES (148, 7, 2, 8, 'B', 4, 'MATTHEW', 'HAWKINS');
INSERT INTO `runners` VALUES (149, 7, 2, 8, 'B', 4, 'KALLEN', 'OLSON');
INSERT INTO `runners` VALUES (150, 7, 2, 8, 'B', 4, 'EVAN', 'SENNE');
INSERT INTO `runners` VALUES (151, 7, 2, 8, 'B', 4, 'JAKE', 'BROSE');
INSERT INTO `runners` VALUES (152, 7, 2, 8, 'B', 4, 'BEN', 'SCHLOSSBERG');
INSERT INTO `runners` VALUES (153, 7, 2, 8, 'B', 4, 'MICHAEL', 'HORDORWICH');
INSERT INTO `runners` VALUES (154, 7, 2, 8, 'B', 5, 'ROBERT', 'DEMERIS');
INSERT INTO `runners` VALUES (155, 7, 2, 8, 'B', 6, 'LUKE', 'VAN THOLEN');
INSERT INTO `runners` VALUES (156, 7, 2, 8, 'B', 6, 'NICHOLAS', 'RHEIN');
INSERT INTO `runners` VALUES (157, 125, 2, 13, 'G', 8, 'REESE', 'CROWLEY');
INSERT INTO `runners` VALUES (158, 125, 2, 13, 'G', 7, 'ELLA', 'HWANG');
INSERT INTO `runners` VALUES (159, 125, 2, 13, 'G', 7, 'ISABELLA', 'RUDIN');
INSERT INTO `runners` VALUES (160, 125, 2, 13, 'G', 6, 'CARMELLA', 'O''MALLEY');
INSERT INTO `runners` VALUES (161, 125, 2, 13, 'G', 6, 'KATIE', 'SYFTESTAD');
INSERT INTO `runners` VALUES (162, 125, 2, 13, 'G', 6, 'YESENIA', 'MALEY');
INSERT INTO `runners` VALUES (163, 125, 2, 13, 'G', 6, 'KARINA', 'CASANOVA');
INSERT INTO `runners` VALUES (164, 125, 2, 13, 'G', 5, 'ALEXIS', 'NELSON');
INSERT INTO `runners` VALUES (165, 125, 2, 13, 'G', 5, 'GABRIELLA', 'DUQUE');
INSERT INTO `runners` VALUES (166, 125, 2, 10, 'B', 8, 'DANNY', 'LEONARD');
INSERT INTO `runners` VALUES (167, 125, 2, 10, 'B', 7, 'ALEX', 'LEONARD');
INSERT INTO `runners` VALUES (168, 125, 2, 10, 'B', 7, 'ANDREW', 'NELSON');
INSERT INTO `runners` VALUES (169, 125, 2, 10, 'B', 7, 'SPENCER', 'DIXON');
INSERT INTO `runners` VALUES (170, 125, 2, 10, 'B', 5, 'MICK', 'CROWELY');
INSERT INTO `runners` VALUES (171, 125, 2, 10, 'B', 6, 'QUINN', 'CORBETT');
INSERT INTO `runners` VALUES (172, 125, 2, 10, 'B', 6, 'JACKSON', 'KEMPHUES');
INSERT INTO `runners` VALUES (173, 125, 2, 10, 'B', 6, 'ELLIOT', 'KEMPHUES');
INSERT INTO `runners` VALUES (174, 125, 2, 10, 'B', 7, 'BRANDON', 'MENDOZA');
INSERT INTO `runners` VALUES (175, 13, 2, 10, 'B', 8, 'TYLER', 'WENGRONOWITZ');
INSERT INTO `runners` VALUES (176, 13, 2, 10, 'B', 8, 'JACK', 'BERMAN');
INSERT INTO `runners` VALUES (177, 13, 2, 10, 'B', 8, 'ADAM', 'KOURY');
INSERT INTO `runners` VALUES (178, 13, 2, 10, 'B', 8, 'JEREMY', 'LEIGH');
INSERT INTO `runners` VALUES (179, 13, 2, 10, 'B', 8, 'DANIEL', 'O''CONNELL');
INSERT INTO `runners` VALUES (180, 13, 2, 13, 'G', 8, 'MIA', 'D''ONOFRIO');
INSERT INTO `runners` VALUES (181, 13, 2, 13, 'G', 8, 'HAILEY', 'ERICKSON');
INSERT INTO `runners` VALUES (182, 13, 2, 13, 'G', 8, 'CAMERON', 'KALAWAY');
INSERT INTO `runners` VALUES (183, 13, 2, 13, 'G', 8, 'COLETTE', 'LAMPA');
INSERT INTO `runners` VALUES (184, 13, 2, 13, 'G', 8, 'KATHERINE', 'LYTLE');
INSERT INTO `runners` VALUES (185, 13, 2, 13, 'G', 8, 'KATE', 'WOODLAND');
INSERT INTO `runners` VALUES (186, 13, 2, 12, 'G', 7, 'ANN', 'KUHN');
INSERT INTO `runners` VALUES (187, 13, 2, 9, 'B', 6, 'RYAN', 'KALAWAY');
INSERT INTO `runners` VALUES (188, 10, 2, 13, 'G', 8, 'GABI', 'MAKOWSKI');
INSERT INTO `runners` VALUES (189, 10, 2, 13, 'G', 7, 'PENELOPE', 'SKLIVAGOS');
INSERT INTO `runners` VALUES (190, 10, 2, 12, 'G', 6, 'TEAGAN', 'BEAUMONT');
INSERT INTO `runners` VALUES (191, 10, 2, 13, 'G', 6, 'MARGARETHA', 'GRABSKE');
INSERT INTO `runners` VALUES (192, 10, 2, 13, 'G', 7, 'MAYA', 'DROZD');
INSERT INTO `runners` VALUES (193, 10, 2, 13, 'G', 8, 'LYDIA', 'GRABSKE');
INSERT INTO `runners` VALUES (194, 10, 2, 13, 'G', 8, 'ASHLELY', 'MAKULA');
INSERT INTO `runners` VALUES (195, 13, 2, 9, 'B', 7, 'JACK', 'DUFFER');
INSERT INTO `runners` VALUES (196, 13, 2, 9, 'B', 7, 'DANIEL', 'BARRETTO');
INSERT INTO `runners` VALUES (197, 13, 2, 9, 'B', 7, 'ADAM', 'GREAZEL');
INSERT INTO `runners` VALUES (198, 13, 2, 9, 'B', 7, 'CAMERON', 'LIPTON');
INSERT INTO `runners` VALUES (199, 13, 2, 9, 'B', 7, 'CAYDEN', 'MANN');
INSERT INTO `runners` VALUES (200, 13, 2, 9, 'B', 7, 'JOHN', 'PETERSON');
INSERT INTO `runners` VALUES (201, 13, 2, 9, 'B', 7, 'LUCAS', 'PHILLIPS');
INSERT INTO `runners` VALUES (202, 13, 2, 8, 'B', 6, 'ELIOT', 'DUNN');
INSERT INTO `runners` VALUES (203, 13, 2, 8, 'B', 6, 'COOPER', 'HANIGAN');
INSERT INTO `runners` VALUES (204, 13, 2, 8, 'B', 6, 'JAKE', 'MARTIN');
INSERT INTO `runners` VALUES (206, 13, 2, 8, 'B', 6, 'BEN', 'MITCHELL');
INSERT INTO `runners` VALUES (207, 13, 2, 8, 'B', 6, 'JAMES', 'MORETH');
INSERT INTO `runners` VALUES (208, 13, 2, 8, 'B', 6, 'ALEX', 'ORLANDO');
INSERT INTO `runners` VALUES (209, 13, 2, 8, 'B', 6, 'KOSTA', 'PANAGAKOS');
INSERT INTO `runners` VALUES (210, 13, 2, 8, 'B', 6, 'CONNOR', 'TOWLE');
INSERT INTO `runners` VALUES (211, 13, 2, 8, 'B', 6, 'CAYDEN', 'VAETH');
INSERT INTO `runners` VALUES (212, 13, 2, 8, 'B', 6, 'SHAUN', 'VITTORE');
INSERT INTO `runners` VALUES (213, 13, 2, 8, 'B', 6, 'CAMERON', 'WACHTEL');
INSERT INTO `runners` VALUES (214, 13, 2, 8, 'B', 6, 'BEN', 'WILKIN');
INSERT INTO `runners` VALUES (215, 13, 2, 12, 'G', 7, 'ABBY', 'ROGERS');
INSERT INTO `runners` VALUES (216, 13, 2, 12, 'G', 7, 'SOPHIA', 'LICATO');
INSERT INTO `runners` VALUES (217, 13, 2, 12, 'G', 7, 'EMMA', 'SULLIVAN');
INSERT INTO `runners` VALUES (218, 13, 2, 12, 'G', 7, 'KATE', 'SVOBODA');
INSERT INTO `runners` VALUES (219, 13, 2, 12, 'G', 7, 'CECE', 'WENGRONOWITZ');
INSERT INTO `runners` VALUES (220, 13, 2, 12, 'G', 6, 'SARAH', 'BUCHHOLTZ');
INSERT INTO `runners` VALUES (221, 13, 2, 11, 'G', 6, 'NORA', 'DOLSON');
INSERT INTO `runners` VALUES (222, 13, 2, 11, 'G', 6, 'LUCY', 'ROSS');
INSERT INTO `runners` VALUES (223, 13, 2, 11, 'G', 6, 'AVA', 'COLLINS');
INSERT INTO `runners` VALUES (224, 13, 2, 11, 'G', 6, 'HAYDEN', 'DIERINGER');
INSERT INTO `runners` VALUES (225, 13, 2, 11, 'G', 6, 'IRELAND', 'WILDHART');
INSERT INTO `runners` VALUES (226, 13, 2, 9, 'B', 7, 'CALVIN', 'BUTLER');
INSERT INTO `runners` VALUES (227, 13, 2, 9, 'B', 7, 'CONNOR', 'CRUZ');
INSERT INTO `runners` VALUES (228, 13, 2, 9, 'B', 7, 'SAMUEL', 'FOWLER');
INSERT INTO `runners` VALUES (229, 13, 2, 9, 'B', 7, 'JEROME', 'GRASSLE');
INSERT INTO `runners` VALUES (230, 13, 2, 9, 'B', 7, 'ANDREW', 'GRAVE');
INSERT INTO `runners` VALUES (231, 13, 2, 9, 'B', 7, 'ETHAN', 'GROH');
INSERT INTO `runners` VALUES (232, 13, 2, 9, 'B', 7, 'MATT', 'PAWLIK');
INSERT INTO `runners` VALUES (233, 13, 2, 9, 'B', 7, 'NATHAN', 'WALTER');
INSERT INTO `runners` VALUES (234, 13, 2, 9, 'B', 7, 'OWEN', 'SMITH');
INSERT INTO `runners` VALUES (235, 13, 2, 10, 'B', 8, 'DANIEL', 'BARBARIC');
INSERT INTO `runners` VALUES (236, 13, 2, 9, 'B', 8, 'TY', 'ERICKSON');
INSERT INTO `runners` VALUES (237, 13, 2, 9, 'B', 8, 'LUKE', 'KARABIN');
INSERT INTO `runners` VALUES (238, 13, 2, 10, 'B', 8, 'AIDEN', 'KAST');
INSERT INTO `runners` VALUES (239, 13, 2, 10, 'B', 8, 'NATE', 'SCHWITZENBERG');
INSERT INTO `runners` VALUES (240, 13, 2, 13, 'G', 8, 'EMMA', 'LETZIG');
INSERT INTO `runners` VALUES (241, 10, 2, 13, 'G', 7, 'MONIKA', 'JUSCINSKA');
INSERT INTO `runners` VALUES (242, 10, 2, 12, 'G', 6, 'KAROLINA', 'SZCZEPANIAK');
INSERT INTO `runners` VALUES (243, 10, 2, 12, 'G', 6, 'IRENE', 'HAN');
INSERT INTO `runners` VALUES (244, 10, 2, 13, 'G', 7, 'DENISE', 'MONARCA');
INSERT INTO `runners` VALUES (245, 10, 2, 12, 'G', 6, 'JOCELYN', 'OJEDA');
INSERT INTO `runners` VALUES (246, 10, 2, 13, 'G', 8, 'TESS', 'O''DONNELL');
INSERT INTO `runners` VALUES (247, 17, 2, 9, 'B', 6, 'MASON', 'GRAF');
INSERT INTO `runners` VALUES (248, 17, 2, 9, 'B', 6, 'HENRY', 'FLEJTER');
INSERT INTO `runners` VALUES (249, 17, 2, 9, 'B', 6, 'HENRY', 'BONNET');
INSERT INTO `runners` VALUES (250, 17, 2, 10, 'B', 8, 'JACOB', 'BONNET');
INSERT INTO `runners` VALUES (251, 17, 2, 11, 'G', 5, 'ALLISON', 'MALONE');
INSERT INTO `runners` VALUES (252, 17, 2, 11, 'G', 5, 'CARLY', 'UEHLEIN');
INSERT INTO `runners` VALUES (253, 17, 2, 8, 'B', 5, 'RYAN', 'ANIOLKOWSKI');
INSERT INTO `runners` VALUES (254, 17, 2, 9, 'B', 6, 'RONAN', 'COSTELLO');
INSERT INTO `runners` VALUES (255, 17, 2, 9, 'B', 7, 'MAKS', 'MALINSKI');
INSERT INTO `runners` VALUES (256, 13, 2, 11, 'G', 6, 'KELLY', 'MCQUEEN');
INSERT INTO `runners` VALUES (257, 13, 2, 12, 'G', 6, 'MIA', 'PILIPAUSKAS');
INSERT INTO `runners` VALUES (258, 13, 2, 12, 'G', 8, 'SHREYA', 'CHACKO');
INSERT INTO `runners` VALUES (259, 13, 2, 12, 'G', 8, 'KATIE', 'KLICKER');
INSERT INTO `runners` VALUES (260, 13, 2, 12, 'G', 8, 'IZZY', 'KLICKER');
INSERT INTO `runners` VALUES (261, 13, 2, 8, 'B', 6, 'BRIDGER', 'ALTSCHULER');
INSERT INTO `runners` VALUES (262, 13, 2, 8, 'B', 6, 'LIAM', 'BLAIR');
INSERT INTO `runners` VALUES (263, 13, 2, 8, 'B', 6, 'IAN', 'MILETIC');
INSERT INTO `runners` VALUES (264, 13, 2, 9, 'B', 7, 'DEMETRIOS', 'PANAGAKOS');
INSERT INTO `runners` VALUES (265, 13, 2, 9, 'B', 7, 'JONATHON', 'RAITANO');
INSERT INTO `runners` VALUES (266, 13, 2, 10, 'B', 8, 'ALEX', 'BERG');
INSERT INTO `runners` VALUES (267, 19, 2, 13, 'G', 6, 'ASHLEY', 'GABA');
INSERT INTO `runners` VALUES (268, 17, 2, 9, 'B', 7, 'SEAN', 'TAN');
INSERT INTO `runners` VALUES (269, 17, 2, 9, 'B', 7, 'DEAN', 'TAN');
INSERT INTO `runners` VALUES (270, 3, 2, 8, 'B', 6, 'COLE', 'BIELECKI');
INSERT INTO `runners` VALUES (271, 3, 2, 8, 'B', 6, 'JACKSON', 'CLAR');
INSERT INTO `runners` VALUES (272, 3, 2, 8, 'B', 6, 'CARTER', 'CREMASCOLI');
INSERT INTO `runners` VALUES (273, 3, 2, 8, 'B', 6, 'JACK', 'DAVIS');
INSERT INTO `runners` VALUES (274, 3, 2, 8, 'B', 6, 'MAX', 'DEMBOWSKI');
INSERT INTO `runners` VALUES (275, 3, 2, 8, 'B', 6, 'MATTHEW', 'FOUCH');
INSERT INTO `runners` VALUES (276, 3, 2, 8, 'B', 6, 'NICK', 'GELDIS');
INSERT INTO `runners` VALUES (277, 3, 2, 8, 'B', 6, 'WALLY', 'KEMP');
INSERT INTO `runners` VALUES (278, 3, 2, 8, 'B', 6, 'JOHN', 'MCCORMICK');
INSERT INTO `runners` VALUES (279, 3, 2, 8, 'B', 6, 'FINLEY', 'MOSS');
INSERT INTO `runners` VALUES (280, 3, 2, 8, 'B', 6, 'RYAN', 'MULLEN');
INSERT INTO `runners` VALUES (282, 3, 2, 8, 'B', 6, 'VINNY', 'PANCINI');
INSERT INTO `runners` VALUES (283, 3, 2, 8, 'B', 6, 'SEBASTIAN', 'PARKS');
INSERT INTO `runners` VALUES (284, 3, 2, 8, 'B', 6, 'JACK', 'PEARSON');
INSERT INTO `runners` VALUES (285, 3, 2, 8, 'B', 6, 'CODY', 'PELTIER');
INSERT INTO `runners` VALUES (286, 3, 2, 8, 'B', 6, 'MICHAEL', 'QUINN');
INSERT INTO `runners` VALUES (287, 3, 2, 8, 'B', 6, 'JOSEPH', 'SEAMAN');
INSERT INTO `runners` VALUES (288, 3, 2, 8, 'B', 6, 'MATTHEW', 'SEAMAN');
INSERT INTO `runners` VALUES (289, 3, 2, 8, 'B', 6, 'JACK', 'SKOOG');
INSERT INTO `runners` VALUES (290, 3, 2, 8, 'B', 6, 'SAM', 'SOKOL');
INSERT INTO `runners` VALUES (291, 3, 2, 8, 'B', 6, 'DAVID', 'SZAKACS');
INSERT INTO `runners` VALUES (292, 3, 2, 8, 'B', 6, 'KASEY', 'TAKUSAJAWA');
INSERT INTO `runners` VALUES (293, 3, 2, 8, 'B', 6, 'RONIN', 'UMALI');
INSERT INTO `runners` VALUES (294, 3, 2, 8, 'B', 6, 'ALEX', 'VERDET');
INSERT INTO `runners` VALUES (295, 3, 2, 8, 'B', 6, 'DANIEL', 'ZHANG');
INSERT INTO `runners` VALUES (296, 3, 2, 9, 'B', 7, 'COLIN', 'AWE');
INSERT INTO `runners` VALUES (297, 3, 2, 10, 'B', 7, 'GAVIN', 'BAUTISTA');
INSERT INTO `runners` VALUES (298, 3, 2, 9, 'B', 7, 'JACOB', 'BRUNETTI');
INSERT INTO `runners` VALUES (299, 3, 2, 10, 'B', 7, 'CHARLIE', 'CONNOLLY');
INSERT INTO `runners` VALUES (300, 3, 2, 9, 'B', 7, 'SETH', 'BLEDSOE');
INSERT INTO `runners` VALUES (301, 3, 2, 10, 'B', 7, 'JERRY', 'DRUCKER');
INSERT INTO `runners` VALUES (302, 3, 2, 9, 'B', 7, 'JOE', 'GRZELAK');
INSERT INTO `runners` VALUES (303, 3, 2, 10, 'B', 7, 'NOLAN', 'HAHN');
INSERT INTO `runners` VALUES (304, 3, 2, 10, 'B', 7, 'CHARLIE', 'KNEE');
INSERT INTO `runners` VALUES (305, 3, 2, 10, 'B', 7, 'AIDAN', 'LETZEL');
INSERT INTO `runners` VALUES (306, 3, 2, 9, 'B', 7, 'MICHAEL', 'MATUSZAK');
INSERT INTO `runners` VALUES (307, 3, 2, 9, 'B', 7, 'JOHN', 'NUMANI');
INSERT INTO `runners` VALUES (308, 3, 2, 9, 'B', 7, 'PJ', 'O''GRADY');
INSERT INTO `runners` VALUES (309, 3, 2, 10, 'B', 7, 'LOGAN', 'PROVOST');
INSERT INTO `runners` VALUES (310, 3, 2, 9, 'B', 7, 'NOAH', 'WALSH');
INSERT INTO `runners` VALUES (311, 3, 2, 10, 'B', 8, 'DOMINK', 'BALENDA');
INSERT INTO `runners` VALUES (312, 3, 2, 9, 'B', 8, 'EDDIE', 'DIBENNEDETTO');
INSERT INTO `runners` VALUES (313, 3, 2, 10, 'B', 8, 'OWEN', 'GUIGLIARDO');
INSERT INTO `runners` VALUES (314, 3, 2, 10, 'B', 8, 'SEAN', 'KONIECZKA');
INSERT INTO `runners` VALUES (315, 3, 2, 9, 'B', 8, 'ERIC', 'KREMER');
INSERT INTO `runners` VALUES (316, 3, 2, 9, 'B', 8, 'NICK', 'LOBACZ');
INSERT INTO `runners` VALUES (317, 3, 2, 9, 'B', 8, 'ZACH', 'MORETH');
INSERT INTO `runners` VALUES (318, 3, 2, 10, 'B', 8, 'JAKE', 'PARISI');
INSERT INTO `runners` VALUES (319, 3, 2, 9, 'B', 8, 'ROSS', 'POLLINA');
INSERT INTO `runners` VALUES (320, 3, 2, 9, 'B', 8, 'JACOB', 'POPOWSKI');
INSERT INTO `runners` VALUES (321, 3, 2, 11, 'G', 6, 'VICKY', 'BEREZOWSKA');
INSERT INTO `runners` VALUES (322, 3, 2, 11, 'G', 6, 'DENA', 'CASTILLO');
INSERT INTO `runners` VALUES (323, 3, 2, 11, 'G', 6, 'MOLLY', 'CIOK');
INSERT INTO `runners` VALUES (324, 3, 2, 11, 'G', 6, 'JULIA', 'MESCINO');
INSERT INTO `runners` VALUES (325, 3, 2, 11, 'G', 6, 'SOPHIA', 'MURESAN');
INSERT INTO `runners` VALUES (326, 3, 2, 11, 'G', 6, 'VIOLA', 'PIANETTO');
INSERT INTO `runners` VALUES (327, 3, 2, 12, 'G', 6, 'MIA', 'RALON');
INSERT INTO `runners` VALUES (328, 3, 2, 11, 'G', 6, 'JULIA', 'RARUE');
INSERT INTO `runners` VALUES (329, 3, 2, 11, 'G', 6, 'OLIVIA', 'SCHMEHL');
INSERT INTO `runners` VALUES (330, 3, 2, 11, 'G', 6, 'KENDRA', 'SWARTZ');
INSERT INTO `runners` VALUES (331, 3, 2, 11, 'G', 6, 'EMMA', 'SKELTON');
INSERT INTO `runners` VALUES (332, 3, 2, 11, 'G', 6, 'FINN', 'SKOBEL');
INSERT INTO `runners` VALUES (334, 3, 2, 11, 'G', 6, 'VERONICA', 'ZNAJDA');
INSERT INTO `runners` VALUES (335, 3, 2, 13, 'G', 7, 'FIONA', 'CHOJDECKI');
INSERT INTO `runners` VALUES (336, 3, 2, 13, 'G', 7, 'ABBY', 'DAVIS');
INSERT INTO `runners` VALUES (337, 3, 2, 12, 'G', 7, 'CHARLOTTE', 'DEINES');
INSERT INTO `runners` VALUES (338, 3, 2, 13, 'G', 7, 'LILY', 'GINSBERG');
INSERT INTO `runners` VALUES (339, 3, 2, 12, 'G', 7, 'KELLY', 'JORDAN');
INSERT INTO `runners` VALUES (340, 3, 2, 12, 'G', 7, 'GABI', 'O''GRADY');
INSERT INTO `runners` VALUES (341, 3, 2, 12, 'G', 7, 'ANNA', 'PARISI');
INSERT INTO `runners` VALUES (342, 3, 2, 12, 'G', 7, 'ELLA', 'PARISI');
INSERT INTO `runners` VALUES (343, 3, 2, 12, 'G', 7, 'HANNAH', 'POKORNY');
INSERT INTO `runners` VALUES (344, 3, 2, 13, 'G', 7, 'KAITLIN', 'SKELTON');
INSERT INTO `runners` VALUES (345, 3, 2, 13, 'G', 7, 'BELLA', 'THOMA');
INSERT INTO `runners` VALUES (346, 3, 2, 13, 'G', 7, 'JULIA', 'VALENTINI');
INSERT INTO `runners` VALUES (347, 3, 2, 13, 'G', 8, 'SOPHIA', 'ANAST');
INSERT INTO `runners` VALUES (348, 3, 2, 13, 'G', 8, 'REESE', 'CORY');
INSERT INTO `runners` VALUES (349, 3, 2, 13, 'G', 8, 'ALYSSA', 'DEGAN');
INSERT INTO `runners` VALUES (350, 3, 2, 12, 'G', 8, 'ALIVIA', 'FOLEY');
INSERT INTO `runners` VALUES (351, 3, 2, 12, 'G', 8, 'ELISE', 'KNIGHT');
INSERT INTO `runners` VALUES (352, 3, 2, 12, 'G', 8, 'GRACE', 'LAWLOR');
INSERT INTO `runners` VALUES (353, 3, 2, 13, 'G', 8, 'MARINA', 'MAKROPOULOS');
INSERT INTO `runners` VALUES (354, 3, 2, 13, 'G', 8, 'KATE', 'PARISI');
INSERT INTO `runners` VALUES (355, 3, 2, 12, 'G', 8, 'SUHANI', 'PATEL');
INSERT INTO `runners` VALUES (356, 3, 2, 13, 'G', 8, 'REBECCA', 'PENTIKAINEN');
INSERT INTO `runners` VALUES (357, 13, 2, 8, 'B', 6, 'ELIJAH', 'MUELLER');
INSERT INTO `runners` VALUES (358, 13, 2, 8, 'B', 6, 'LORENZO', 'KOEHLER');
INSERT INTO `runners` VALUES (359, 24, 2, 8, 'B', 3, 'ANDREW', 'GUTZLER');
INSERT INTO `runners` VALUES (360, 13, 2, 8, 'B', 6, 'ALEX', 'SCHEER');
INSERT INTO `runners` VALUES (361, 24, 2, 8, 'B', 3, 'AIDEN', 'NEFF');
INSERT INTO `runners` VALUES (362, 24, 2, 8, 'B', 3, 'BRADY', 'MOELLER');
INSERT INTO `runners` VALUES (363, 13, 2, 9, 'B', 7, 'KEITH', 'KOEHLER');
INSERT INTO `runners` VALUES (364, 24, 2, 11, 'G', 3, 'MADDY', 'ANDERSON');
INSERT INTO `runners` VALUES (365, 24, 2, 11, 'G', 3, 'NINEWEH', 'GIYO');
INSERT INTO `runners` VALUES (366, 24, 2, 11, 'G', 3, 'JADE', 'GLENDA');
INSERT INTO `runners` VALUES (367, 24, 2, 11, 'G', 3, 'ANNA', 'MAIN');
INSERT INTO `runners` VALUES (368, 24, 2, 8, 'B', 4, 'SAMMY', 'PRIETO');
INSERT INTO `runners` VALUES (369, 24, 2, 8, 'B', 4, 'JACKSON', 'LAESCH');
INSERT INTO `runners` VALUES (370, 24, 2, 11, 'G', 4, 'ELIN', 'HANDLER');
INSERT INTO `runners` VALUES (371, 24, 2, 11, 'G', 4, 'CASEY', 'BROSNAN');
INSERT INTO `runners` VALUES (372, 24, 2, 11, 'G', 4, 'ALYSSA', 'PHILIP');
INSERT INTO `runners` VALUES (373, 24, 2, 11, 'G', 6, 'CAROLINE', 'MACHEL');
INSERT INTO `runners` VALUES (374, 24, 2, 9, 'B', 5, 'MATTHEW', 'BRENTS');
INSERT INTO `runners` VALUES (375, 24, 2, 9, 'B', 5, 'BEN', 'MANNION');
INSERT INTO `runners` VALUES (376, 24, 2, 9, 'B', 5, 'BRAM', 'SCHMITZ');
INSERT INTO `runners` VALUES (377, 24, 2, 9, 'B', 5, 'MATTHEW', 'JACKSON');
INSERT INTO `runners` VALUES (378, 24, 2, 9, 'B', 5, 'NATE', 'BOUDREAU');
INSERT INTO `runners` VALUES (379, 24, 2, 9, 'B', 5, 'RICHIE', 'NOWISZEWSKI');
INSERT INTO `runners` VALUES (380, 13, 2, 12, 'G', 8, 'AMANDA', 'DALY');
INSERT INTO `runners` VALUES (381, 24, 2, 9, 'B', 6, 'LUKE', 'COOK');
INSERT INTO `runners` VALUES (382, 24, 2, 9, 'B', 7, 'DANNY', 'BROSNAN');
INSERT INTO `runners` VALUES (383, 24, 2, 9, 'B', 7, 'GAVIN', 'FACK');
INSERT INTO `runners` VALUES (384, 24, 2, 9, 'B', 8, 'LUKE', 'HOLTMEIER');
INSERT INTO `runners` VALUES (385, 24, 2, 8, 'B', 3, 'JACK', 'BROGAN');
INSERT INTO `runners` VALUES (386, 13, 2, 9, 'B', 7, 'HEYDEN', 'SANDER');
INSERT INTO `runners` VALUES (387, 11, 2, 13, 'G', 8, 'KATIE', 'GERTSEN');
INSERT INTO `runners` VALUES (388, 11, 2, 12, 'G', 8, 'CLARA', 'BRUNO');
INSERT INTO `runners` VALUES (389, 11, 2, 12, 'G', 5, 'SYDNEY', 'GERTSEN');
INSERT INTO `runners` VALUES (390, 11, 2, 12, 'G', 5, 'ROSA', 'JIMENEZ');
INSERT INTO `runners` VALUES (391, 11, 2, 11, 'G', 4, 'ANNA', 'EICHHORN');
INSERT INTO `runners` VALUES (392, 11, 2, 9, 'B', 6, 'JACK', 'GUDGEL');
INSERT INTO `runners` VALUES (393, 11, 2, 9, 'B', 5, 'KALEL', 'DAHAN');
INSERT INTO `runners` VALUES (394, 11, 2, 9, 'B', 5, 'HENRY', 'FOX');
INSERT INTO `runners` VALUES (395, 11, 2, 9, 'B', 4, 'KENNY', 'FOX');
INSERT INTO `runners` VALUES (396, 11, 2, 9, 'B', 5, 'JOSHUA', 'LAMSMA');
INSERT INTO `runners` VALUES (397, 13, 2, 9, 'B', 8, 'DYLAN', 'CHUNG');
INSERT INTO `runners` VALUES (398, 13, 2, 12, 'G', 7, 'KATE', 'KULAK');
INSERT INTO `runners` VALUES (399, 13, 2, 12, 'G', 7, 'MORGAN', 'KULAK');
INSERT INTO `runners` VALUES (400, 10, 2, 12, 'G', 6, 'ZUZANNA', 'LASOTA');
INSERT INTO `runners` VALUES (401, 13, 2, 12, 'G', 7, 'OLIVIA', 'REED');
INSERT INTO `runners` VALUES (402, 2, 2, 13, 'G', 6, 'ERIKA', 'ALARCON');
INSERT INTO `runners` VALUES (403, 2, 2, 10, 'B', 8, 'DOMINIK', 'BERRIOS');
INSERT INTO `runners` VALUES (404, 2, 2, 13, 'G', 8, 'AVERY', 'BOECHE');
INSERT INTO `runners` VALUES (405, 2, 2, 10, 'B', 7, 'CHRISTIAN', 'CHERNIK');
INSERT INTO `runners` VALUES (406, 2, 2, 10, 'B', 6, 'NICK', 'COZZI');
INSERT INTO `runners` VALUES (408, 2, 2, 10, 'B', 8, 'OWEN', 'GREEN');
INSERT INTO `runners` VALUES (409, 2, 2, 9, 'B', 6, 'ALBERT', 'HOANG');
INSERT INTO `runners` VALUES (410, 2, 2, 10, 'B', 8, 'ANDREW', 'HOANG');
INSERT INTO `runners` VALUES (411, 2, 2, 10, 'B', 8, 'MASON', 'HULLIGAN');
INSERT INTO `runners` VALUES (412, 2, 2, 9, 'B', 6, 'NATHAN', 'JOY');
INSERT INTO `runners` VALUES (413, 2, 2, 10, 'B', 8, 'CHARLIE', 'KUMMEROW');
INSERT INTO `runners` VALUES (414, 2, 2, 9, 'B', 6, 'ELIJAH', 'KUNZER');
INSERT INTO `runners` VALUES (415, 2, 2, 10, 'B', 7, 'MATTHEW', 'MARADKEL');
INSERT INTO `runners` VALUES (416, 2, 2, 13, 'G', 6, 'MACK', 'MATSUDA');
INSERT INTO `runners` VALUES (417, 2, 2, 9, 'B', 7, 'JOEY', 'MUSKAL');
INSERT INTO `runners` VALUES (418, 2, 2, 13, 'G', 7, 'KRISTEN', 'OPPERMAN');
INSERT INTO `runners` VALUES (419, 2, 2, 13, 'G', 8, 'JENNA', 'PULLEGA');
INSERT INTO `runners` VALUES (420, 2, 2, 10, 'B', 8, 'JAMES', 'SAUER');
INSERT INTO `runners` VALUES (421, 2, 2, 9, 'B', 7, 'MATIJA', 'SCEKIC');
INSERT INTO `runners` VALUES (422, 2, 2, 10, 'B', 6, 'CONNOR', 'SCHLACHTER');
INSERT INTO `runners` VALUES (423, 2, 2, 9, 'B', 6, 'EMMIT', 'SZEWC');
INSERT INTO `runners` VALUES (424, 2, 2, 10, 'B', 7, 'CONNOR', 'WOODIN');
INSERT INTO `runners` VALUES (425, 2, 2, 13, 'G', 7, 'BAELYN', 'ZITZMANN');
INSERT INTO `runners` VALUES (426, 2, 2, 13, 'G', 8, 'IVA', 'SCEKIC');
INSERT INTO `runners` VALUES (427, 17, 2, 12, 'G', 6, 'ANNA', 'TERSTEEG');
INSERT INTO `runners` VALUES (428, 13, 2, 8, 'B', 6, 'JACK', 'FITZGERALD');
INSERT INTO `runners` VALUES (429, 13, 2, 11, 'G', 6, 'KYA', 'HEMBRY');
INSERT INTO `runners` VALUES (430, 13, 2, 12, 'G', 7, 'CLAUDIA', 'SEPKO');
INSERT INTO `runners` VALUES (431, 10, 2, 8, 'B', 5, 'DOMINIC', 'FELMAN');
INSERT INTO `runners` VALUES (432, 10, 2, 11, 'G', 5, 'GABBY', 'FELMAN');
INSERT INTO `runners` VALUES (433, 10, 2, 8, 'B', 5, 'CAMERON', 'CHRISTOPHER');
INSERT INTO `runners` VALUES (434, 10, 2, 11, 'G', 5, 'LILY', 'MAKULA');
INSERT INTO `runners` VALUES (435, 13, 2, 8, 'B', 6, 'PATRICK', 'CICCONE');
INSERT INTO `runners` VALUES (436, 13, 2, 9, 'B', 8, 'BRETT', 'RUEFFER');
INSERT INTO `runners` VALUES (437, 13, 2, 8, 'B', 6, 'CAIDIN', 'GENIS');
INSERT INTO `runners` VALUES (438, 17, 2, 9, 'B', 6, 'AIDAN', 'LIPNISKY');
INSERT INTO `runners` VALUES (439, 17, 2, 9, 'B', 7, 'JACKSON', 'HALLIGAN');
INSERT INTO `runners` VALUES (440, 13, 2, 9, 'B', 7, 'DAMIAN', 'BAUER');
INSERT INTO `runners` VALUES (441, 19, 2, 8, 'B', 4, 'JOHNNY', 'GABA');
INSERT INTO `runners` VALUES (442, 19, 2, 8, 'B', 4, 'TRISTAN', 'LEE');
INSERT INTO `runners` VALUES (443, 19, 2, 8, 'B', 4, 'MARVIN', 'BONNSTETTER');
INSERT INTO `runners` VALUES (444, 19, 2, 11, 'G', 5, 'SYDNEY', 'LEE');
INSERT INTO `runners` VALUES (445, 1, 2, 13, 'G', 8, 'ANNA', 'HARDEN');
INSERT INTO `runners` VALUES (446, 1, 2, 13, 'G', 8, 'MACKENZIE', 'GINDER');
INSERT INTO `runners` VALUES (447, 1, 2, 13, 'G', 8, 'EMMA', 'VANMEVEREN');
INSERT INTO `runners` VALUES (448, 1, 2, 13, 'G', 6, 'LIANN', 'ANG');
INSERT INTO `runners` VALUES (449, 1, 2, 13, 'G', 7, 'MEGAN', 'LEIDY');
INSERT INTO `runners` VALUES (450, 1, 2, 13, 'G', 7, 'BRIDGET', 'DERENGOWSKI');
INSERT INTO `runners` VALUES (451, 1, 2, 12, 'G', 6, 'ABBY', 'SLADEK');
INSERT INTO `runners` VALUES (452, 1, 2, 12, 'G', 6, 'ABBY', 'HOMOLY');
INSERT INTO `runners` VALUES (453, 1, 2, 12, 'G', 5, 'ELLA', 'HALTER');
INSERT INTO `runners` VALUES (454, 1, 2, 12, 'G', 4, 'AVA', 'MCQUADE');
INSERT INTO `runners` VALUES (455, 1, 2, 10, 'B', 8, 'GRANT', 'SMITH');
INSERT INTO `runners` VALUES (456, 1, 2, 10, 'B', 6, 'NOLAN', 'SMITH');
INSERT INTO `runners` VALUES (457, 1, 2, 10, 'B', 8, 'YASHUA', 'BARAJAS');
INSERT INTO `runners` VALUES (458, 1, 2, 10, 'B', 7, 'JARED', 'RYG');
INSERT INTO `runners` VALUES (459, 1, 2, 10, 'B', 6, 'ANTHONY', 'LYNCH');
INSERT INTO `runners` VALUES (460, 1, 2, 10, 'B', 7, 'ZACHARY', 'FRAYDER');
INSERT INTO `runners` VALUES (461, 1, 2, 9, 'B', 7, 'JACOB', 'KOCLANIS');
INSERT INTO `runners` VALUES (462, 1, 2, 9, 'B', 7, 'BRANDON', 'KOCLANIS');
INSERT INTO `runners` VALUES (463, 1, 2, 9, 'B', 7, 'DANIEL', 'MAYO');
INSERT INTO `runners` VALUES (464, 1, 2, 9, 'B', 6, 'JACOB', 'LEIDY');
INSERT INTO `runners` VALUES (465, 1, 2, 9, 'B', 6, 'TOMMY', 'PAPAIOANNOU');
INSERT INTO `runners` VALUES (466, 1, 2, 9, 'B', 6, 'MILES', 'SMITH');
INSERT INTO `runners` VALUES (467, 1, 2, 9, 'B', 5, 'AIDEN', 'GUETERSLOH');
INSERT INTO `runners` VALUES (468, 1, 2, 9, 'B', 5, 'JACK', 'HILGEMAN');
INSERT INTO `runners` VALUES (469, 1, 2, 9, 'B', 5, 'NOAH', 'MEYER');
INSERT INTO `runners` VALUES (470, 1, 2, 9, 'B', 5, 'CARSON', 'THOMAS');
INSERT INTO `runners` VALUES (471, 1, 2, 9, 'B', 5, 'CHIRSTIAN', 'VANMEVEREN');
INSERT INTO `runners` VALUES (472, 1, 2, 9, 'B', 4, 'MASON', 'LEIDY');
INSERT INTO `runners` VALUES (473, 4, 2, 13, 'G', 8, 'ANNIE', 'THOMAS');
INSERT INTO `runners` VALUES (474, 4, 2, 13, 'G', 8, 'MEGAN', 'KIM');
INSERT INTO `runners` VALUES (475, 4, 2, 10, 'B', 8, 'RUSSEL', 'CAMPBELL');
INSERT INTO `runners` VALUES (476, 4, 2, 10, 'B', 8, 'STEVEN', 'VEREMIS');
INSERT INTO `runners` VALUES (477, 4, 2, 13, 'G', 7, 'FRANKIE', 'HENDERSON');
INSERT INTO `runners` VALUES (478, 4, 2, 13, 'G', 7, 'RACHEL', 'LIND');
INSERT INTO `runners` VALUES (479, 4, 2, 10, 'B', 7, 'NATE', 'VANDERGIESSEN');
INSERT INTO `runners` VALUES (480, 4, 2, 10, 'B', 6, 'JACOB', 'KIM');
INSERT INTO `runners` VALUES (481, 4, 2, 10, 'B', 6, 'ETHAN', 'STABACK');
INSERT INTO `runners` VALUES (482, 4, 2, 10, 'B', 6, 'KYLE', 'TAYLOR');
INSERT INTO `runners` VALUES (483, 4, 2, 9, 'B', 6, 'JACK', 'REICHERT');
INSERT INTO `runners` VALUES (485, 4, 2, 10, 'B', 6, 'RORY', 'GAAN');
INSERT INTO `runners` VALUES (486, 4, 2, 13, 'G', 5, 'ALIYA', 'BEDELL');
INSERT INTO `runners` VALUES (487, 4, 2, 13, 'G', 4, 'JOHANNA', 'DUNCAN');
INSERT INTO `runners` VALUES (488, 4, 2, 12, 'G', 4, 'LENA', 'LLOYD');
INSERT INTO `runners` VALUES (489, 4, 2, 9, 'B', 4, 'JAXON', 'VANDERGIESSEN');
INSERT INTO `runners` VALUES (490, 4, 2, 12, 'G', 3, 'YIANNA', 'MATSAS');
INSERT INTO `runners` VALUES (491, 4, 2, 12, 'G', 3, 'RILEY', 'GAAN');
INSERT INTO `runners` VALUES (493, 4, 2, 9, 'B', 3, 'WILLIAM', 'GAAN');
INSERT INTO `runners` VALUES (494, 13, 2, 8, 'B', 6, 'RAHUL', 'BASU');
INSERT INTO `runners` VALUES (495, 13, 2, 9, 'B', 7, 'NICHOLAS', 'GAINULIN');
INSERT INTO `runners` VALUES (496, 13, 2, 9, 'B', 7, 'SAM', 'TIEDGE');
INSERT INTO `runners` VALUES (497, 13, 2, 9, 'B', 8, 'JACK', 'MURPHY');
INSERT INTO `runners` VALUES (498, 14, 2, 10, 'B', 7, 'LUCAS', 'CHUNG');
INSERT INTO `runners` VALUES (499, 14, 2, 10, 'B', 7, 'RYAN', 'FORS');
INSERT INTO `runners` VALUES (500, 14, 2, 10, 'B', 7, 'NATHAN', 'BECK');
INSERT INTO `runners` VALUES (501, 14, 2, 10, 'B', 6, 'EDDIE', 'MORVICE');
INSERT INTO `runners` VALUES (502, 14, 2, 10, 'B', 6, 'COOPER', 'OKOLITA');
INSERT INTO `runners` VALUES (503, 14, 2, 10, 'B', 6, 'SAM', 'CARRERA');
INSERT INTO `runners` VALUES (504, 14, 2, 10, 'B', 6, 'BRANDON', 'BECK');
INSERT INTO `runners` VALUES (505, 14, 2, 10, 'B', 6, 'GRANT', 'TURCICH');
INSERT INTO `runners` VALUES (506, 14, 2, 10, 'B', 7, 'GUS', 'WHITTIER');
INSERT INTO `runners` VALUES (507, 14, 2, 13, 'G', 7, 'COLLEEN', 'THUMM');
INSERT INTO `runners` VALUES (508, 14, 2, 13, 'G', 5, 'MAGGIE', 'ANDERSON');
INSERT INTO `runners` VALUES (509, 14, 2, 13, 'G', 8, 'GRACE', 'CASKEY');
INSERT INTO `runners` VALUES (510, 14, 2, 13, 'G', 7, 'LUCY', 'JANIA');
INSERT INTO `runners` VALUES (511, 14, 2, 13, 'G', 8, 'STELLA', 'FELDHAUS');
INSERT INTO `runners` VALUES (512, 14, 2, 13, 'G', 7, 'KATARINA', 'KOESTER');
INSERT INTO `runners` VALUES (513, 14, 2, 11, 'G', 5, 'ASHLEY', 'RAJCEVICH');
INSERT INTO `runners` VALUES (514, 14, 2, 11, 'G', 5, 'CAMERON', 'REJCEVICH');
INSERT INTO `runners` VALUES (515, 14, 2, 11, 'G', 5, 'ROSZELLA', 'SROUFEK');
INSERT INTO `runners` VALUES (516, 15, 2, 10, 'B', 8, 'PETER', 'ARMSTRONG');
INSERT INTO `runners` VALUES (517, 15, 2, 10, 'B', 8, 'OWEN', 'AUGUSTINE');
INSERT INTO `runners` VALUES (518, 15, 2, 10, 'B', 8, 'GABE', 'BECERRA');
INSERT INTO `runners` VALUES (519, 15, 2, 12, 'G', 5, 'DAMARIS', 'BENZAR');
INSERT INTO `runners` VALUES (520, 15, 2, 12, 'G', 5, 'ELIANNA', 'BRUCATO');
INSERT INTO `runners` VALUES (521, 15, 2, 13, 'G', 6, 'ANNE', 'CLAUD');
INSERT INTO `runners` VALUES (522, 15, 2, 12, 'G', 3, 'ELLEN', 'CLAUD');
INSERT INTO `runners` VALUES (523, 15, 2, 9, 'B', 5, 'REMKE', 'DOUMA-WAHLEN');
INSERT INTO `runners` VALUES (524, 15, 2, 12, 'G', 4, 'MAGGIE', 'HAYLEY');
INSERT INTO `runners` VALUES (525, 15, 2, 9, 'B', 3, 'JOHNNIE', 'HAYLEY');
INSERT INTO `runners` VALUES (526, 15, 2, 11, 'G', 6, 'AYANNA', 'HOSKINS');
INSERT INTO `runners` VALUES (527, 15, 2, 12, 'G', 3, 'LANEY', 'JUEL');
INSERT INTO `runners` VALUES (528, 15, 2, 9, 'B', 5, 'RYAN', 'KOEHNE');
INSERT INTO `runners` VALUES (529, 15, 2, 9, 'B', 3, 'ANDY', 'LEININGER');
INSERT INTO `runners` VALUES (530, 15, 2, 12, 'G', 4, 'GRETA', 'LYLE');
INSERT INTO `runners` VALUES (531, 15, 2, 9, 'B', 4, 'XANDER', 'LYMON');
INSERT INTO `runners` VALUES (532, 15, 2, 11, 'G', 3, 'EMMA', 'MERINO');
INSERT INTO `runners` VALUES (533, 15, 2, 10, 'B', 8, 'JOSEPH', 'MILLER');
INSERT INTO `runners` VALUES (534, 15, 2, 9, 'B', 5, 'MATEO', 'MORENO');
INSERT INTO `runners` VALUES (535, 15, 2, 9, 'B', 4, 'ZACH', 'MORGAN');
INSERT INTO `runners` VALUES (536, 15, 2, 10, 'B', 7, 'HARRY', 'NIERMANN');
INSERT INTO `runners` VALUES (537, 15, 2, 12, 'G', 4, 'EMILY', 'ORTEGA');
INSERT INTO `runners` VALUES (538, 15, 2, 13, 'G', 6, 'TORI', 'ROBINSON');
INSERT INTO `runners` VALUES (539, 15, 2, 13, 'G', 7, 'ALYSE', 'RYNIEWICZ');
INSERT INTO `runners` VALUES (540, 15, 2, 13, 'G', 7, 'ANNA', 'SCHOLTENS');
INSERT INTO `runners` VALUES (541, 15, 2, 12, 'G', 5, 'ELISSA', 'SCHOLTENS');
INSERT INTO `runners` VALUES (542, 15, 2, 12, 'G', 3, 'NAOMI', 'SCHUBKEGEL');
INSERT INTO `runners` VALUES (543, 15, 2, 9, 'B', 6, 'DAVID', 'SCHUBKEGEL');
INSERT INTO `runners` VALUES (544, 15, 2, 13, 'G', 8, 'HANNAH', 'SCHUBKEGEL');
INSERT INTO `runners` VALUES (545, 23, 2, 8, 'B', 5, 'CORBIN', 'ANDREWS');
INSERT INTO `runners` VALUES (546, 15, 2, 12, 'G', 4, 'AUBREY', 'STEELMAN');
INSERT INTO `runners` VALUES (547, 15, 2, 10, 'B', 8, 'KLYE', 'STEINER');
INSERT INTO `runners` VALUES (548, 15, 2, 12, 'G', 4, 'MARY', 'SUAREZ-ABRAHAM');
INSERT INTO `runners` VALUES (549, 15, 2, 9, 'B', 4, 'RAFAEL', 'SUAREZ-ABRAHAM');
INSERT INTO `runners` VALUES (550, 15, 2, 9, 'B', 4, 'GABE', 'SUAREZ-ABRAHAM');
INSERT INTO `runners` VALUES (551, 23, 2, 10, 'B', 6, 'SAM', 'CHAFFIN');
INSERT INTO `runners` VALUES (552, 15, 2, 13, 'G', 7, 'AALIYAH', 'THURMAN');
INSERT INTO `runners` VALUES (553, 23, 2, 10, 'B', 6, 'SEAN', 'ETTNER');
INSERT INTO `runners` VALUES (554, 23, 2, 10, 'B', 6, 'ROBERT', 'HEUSER');
INSERT INTO `runners` VALUES (555, 23, 2, 8, 'B', 5, 'JUDE', 'LUBAS');
INSERT INTO `runners` VALUES (556, 23, 2, 10, 'B', 8, 'COHEN', 'MUSSCHOOT');
INSERT INTO `runners` VALUES (557, 15, 2, 13, 'G', 6, 'NORA', 'VER STEEG');
INSERT INTO `runners` VALUES (558, 15, 2, 13, 'G', 8, 'MADELYN', 'VIRZI');
INSERT INTO `runners` VALUES (559, 23, 2, 10, 'B', 7, 'ATHAN', 'POGGAS');
INSERT INTO `runners` VALUES (560, 15, 2, 12, 'G', 4, 'BROOKLYN', 'WALLACE');
INSERT INTO `runners` VALUES (561, 23, 2, 10, 'B', 8, 'DEVON', 'ROGERS');
INSERT INTO `runners` VALUES (562, 15, 2, 12, 'G', 3, 'TALIAH', 'WALLACE');
INSERT INTO `runners` VALUES (563, 23, 2, 8, 'B', 6, 'LINCOLN', 'SCHULMAN');
INSERT INTO `runners` VALUES (564, 15, 2, 9, 'B', 4, 'ADDIS', 'WILSON');
INSERT INTO `runners` VALUES (565, 23, 2, 10, 'B', 8, 'PATRICK', 'SIGNORE');
INSERT INTO `runners` VALUES (566, 23, 2, 10, 'B', 8, 'AYDAN', 'SLAVIN');
INSERT INTO `runners` VALUES (567, 23, 2, 10, 'B', 7, 'RYLAN', 'SMITH');
INSERT INTO `runners` VALUES (568, 23, 2, 8, 'B', 5, 'ELI', 'STEELE');
INSERT INTO `runners` VALUES (569, 23, 2, 10, 'B', 8, 'JERICHO', 'TYNIS');
INSERT INTO `runners` VALUES (570, 23, 2, 10, 'B', 6, 'WARREN', 'TYNIS');
INSERT INTO `runners` VALUES (571, 23, 2, 11, 'G', 6, 'DAYNA', 'CARR');
INSERT INTO `runners` VALUES (572, 23, 2, 11, 'G', 5, 'JULIANA', 'ERB');
INSERT INTO `runners` VALUES (573, 23, 2, 11, 'G', 5, 'ELLIE', 'MEYERS');
INSERT INTO `runners` VALUES (574, 23, 2, 13, 'G', 6, 'KATIE', 'POLIZZI');
INSERT INTO `runners` VALUES (575, 21, 2, 10, 'B', 8, 'JACK', 'BANK');
INSERT INTO `runners` VALUES (576, 21, 2, 8, 'B', 6, 'CHASE', 'RIES');
INSERT INTO `runners` VALUES (577, 21, 2, 10, 'B', 8, 'FROY', 'ALONSO');
INSERT INTO `runners` VALUES (578, 21, 2, 10, 'B', 8, 'JUSTIN', 'ADROWSKI');
INSERT INTO `runners` VALUES (579, 21, 2, 10, 'B', 8, 'WILL', 'GABRIONE');
INSERT INTO `runners` VALUES (580, 21, 2, 10, 'B', 8, 'BRETT', 'KERSEMEIER');
INSERT INTO `runners` VALUES (581, 21, 2, 10, 'B', 8, 'MICHAEL', 'KRAFTON');
INSERT INTO `runners` VALUES (582, 21, 2, 10, 'B', 8, 'TYLER', 'LIEU');
INSERT INTO `runners` VALUES (583, 21, 2, 10, 'B', 8, 'DANNY', 'MCCARTHY');
INSERT INTO `runners` VALUES (584, 21, 2, 10, 'B', 8, 'PARKER', 'SENA');
INSERT INTO `runners` VALUES (585, 21, 2, 10, 'B', 8, 'OWEN', 'WELLNER');
INSERT INTO `runners` VALUES (586, 21, 2, 10, 'B', 7, 'CAMERON', 'DONNER');
INSERT INTO `runners` VALUES (587, 21, 2, 10, 'B', 7, 'ZACH', 'SHEEHAN');
INSERT INTO `runners` VALUES (588, 21, 2, 10, 'B', 7, 'AJ', 'SVIENTY');
INSERT INTO `runners` VALUES (589, 21, 2, 10, 'B', 6, 'NOAH', 'BANK');
INSERT INTO `runners` VALUES (590, 21, 2, 10, 'B', 6, 'FILIP', 'ANIECKO');
INSERT INTO `runners` VALUES (591, 21, 2, 8, 'B', 6, 'CULLEN', 'WATANUKI');
INSERT INTO `runners` VALUES (593, 21, 2, 8, 'B', 6, 'RODRIGO', 'ARCEO');
INSERT INTO `runners` VALUES (594, 21, 2, 9, 'B', 6, 'LOGAN', 'HAEFKE');
INSERT INTO `runners` VALUES (595, 21, 2, 9, 'B', 8, 'ELIAS', 'AGUIRRE');
INSERT INTO `runners` VALUES (596, 21, 2, 9, 'B', 8, 'GARRETT', 'DOERING');
INSERT INTO `runners` VALUES (597, 21, 2, 9, 'B', 8, 'CADEN', 'LAGMAN');
INSERT INTO `runners` VALUES (598, 21, 2, 9, 'B', 8, 'CHARLIE', 'LOEPPERT');
INSERT INTO `runners` VALUES (599, 21, 2, 9, 'B', 8, 'BEN', 'NORRIS');
INSERT INTO `runners` VALUES (600, 21, 2, 9, 'B', 8, 'DEVIN', 'WOODRICH');
INSERT INTO `runners` VALUES (601, 21, 2, 9, 'B', 7, 'ETHAN', 'TREVINO');
INSERT INTO `runners` VALUES (602, 21, 2, 9, 'B', 7, 'AJ', 'CAMPION');
INSERT INTO `runners` VALUES (603, 21, 2, 9, 'B', 7, 'CHARLIE', 'CONROY');
INSERT INTO `runners` VALUES (604, 21, 2, 9, 'B', 7, 'ROB', 'GEISSENBEGER');
INSERT INTO `runners` VALUES (605, 21, 2, 9, 'B', 7, 'BAILEY', 'GILLISPIE');
INSERT INTO `runners` VALUES (606, 21, 2, 9, 'B', 7, 'PETER', 'GREENLIMB');
INSERT INTO `runners` VALUES (607, 21, 2, 9, 'B', 7, 'OJUN', 'KWAN');
INSERT INTO `runners` VALUES (608, 21, 2, 9, 'B', 7, 'THOMAS', 'MCDONOUGH');
INSERT INTO `runners` VALUES (609, 21, 2, 9, 'B', 7, 'ANTHONY', 'SICILIANO');
INSERT INTO `runners` VALUES (610, 21, 2, 9, 'B', 7, 'MICHAEL', 'WLARDARSKI');
INSERT INTO `runners` VALUES (611, 21, 2, 9, 'B', 6, 'JOEY', 'FARRELL');
INSERT INTO `runners` VALUES (612, 21, 2, 9, 'B', 6, 'JACK', 'HASCHE');
INSERT INTO `runners` VALUES (613, 21, 2, 9, 'B', 6, 'BROCK', 'MERRY');
INSERT INTO `runners` VALUES (614, 21, 2, 13, 'G', 8, 'RENEE', 'SKIERA');
INSERT INTO `runners` VALUES (615, 21, 2, 13, 'G', 8, 'JENNA', 'SANDERS');
INSERT INTO `runners` VALUES (616, 21, 2, 13, 'G', 7, 'ANNIKA', 'CALIENDO');
INSERT INTO `runners` VALUES (617, 21, 2, 13, 'G', 7, 'CATHERINE', 'HANY');
INSERT INTO `runners` VALUES (618, 21, 2, 13, 'G', 8, 'ASHLEY', 'LINSCOTT');
INSERT INTO `runners` VALUES (619, 21, 2, 13, 'G', 7, 'LAUREN', 'ROCKS');
INSERT INTO `runners` VALUES (620, 21, 2, 13, 'G', 7, 'DELANEY', 'JANUS');
INSERT INTO `runners` VALUES (621, 21, 2, 13, 'G', 8, 'RYANE', 'ENGLE');
INSERT INTO `runners` VALUES (622, 21, 2, 13, 'G', 7, 'IZZIE', 'FRYE');
INSERT INTO `runners` VALUES (623, 9, 2, 12, 'G', 6, 'CASSIDY', 'STURGEON');
INSERT INTO `runners` VALUES (624, 9, 2, 10, 'B', 8, 'JACK', 'ELZA');
INSERT INTO `runners` VALUES (625, 9, 2, 9, 'B', 5, 'JOHN HENRY', 'MIMS');
INSERT INTO `runners` VALUES (627, 15, 2, 12, 'G', 4, 'AVA', 'FYE');
INSERT INTO `runners` VALUES (628, 9, 2, 12, 'G', 5, 'KATE', 'BAILITZ');
INSERT INTO `runners` VALUES (629, 9, 2, 12, 'G', 5, 'NORAH', 'KENT');
INSERT INTO `runners` VALUES (630, 9, 2, 12, 'G', 6, 'CLAIRE', 'DETMER');
INSERT INTO `runners` VALUES (631, 9, 2, 9, 'B', 5, 'EMILIO', 'NERY');
INSERT INTO `runners` VALUES (632, 9, 2, 9, 'B', 5, 'JAMES', 'KELLY');
INSERT INTO `runners` VALUES (633, 9, 2, 9, 'B', 6, 'PETER', 'KELLY');
INSERT INTO `runners` VALUES (634, 9, 2, 9, 'B', 5, 'FINN', 'KIEFER');
INSERT INTO `runners` VALUES (635, 9, 2, 13, 'G', 8, 'MADDIE', 'KIRSCHNER');
INSERT INTO `runners` VALUES (636, 65, 2, 10, 'B', 7, 'TIM', 'NAVARRO');
INSERT INTO `runners` VALUES (637, 65, 2, 10, 'B', 8, 'GAVIN', 'DOUGHERTY');
INSERT INTO `runners` VALUES (638, 65, 2, 10, 'B', 7, 'ETHAN', 'HOGUE');
INSERT INTO `runners` VALUES (639, 65, 2, 8, 'B', 5, 'ETHAN', 'ANDERSON');
INSERT INTO `runners` VALUES (640, 65, 2, 9, 'B', 6, 'CHRISTIAN', 'CRAWFORD');
INSERT INTO `runners` VALUES (641, 65, 2, 9, 'B', 6, 'STEFANO', 'NOMIKOUDIS');
INSERT INTO `runners` VALUES (642, 65, 2, 10, 'B', 7, 'CHARLIE', 'AVERSANO');
INSERT INTO `runners` VALUES (643, 65, 2, 8, 'B', 5, 'MASON', 'MUTCHLER');
INSERT INTO `runners` VALUES (644, 65, 2, 12, 'G', 6, 'GRACE', 'TETREV');
INSERT INTO `runners` VALUES (645, 65, 2, 13, 'G', 8, 'ADDIE', 'GORMAN');
INSERT INTO `runners` VALUES (646, 65, 2, 11, 'G', 5, 'SAGE', 'APPLEBERG');
INSERT INTO `runners` VALUES (647, 65, 2, 12, 'G', 6, 'AVERY', 'RHOADES');
INSERT INTO `runners` VALUES (648, 65, 2, 13, 'G', 7, 'NORAH', 'PETINAUX');
INSERT INTO `runners` VALUES (649, 65, 2, 13, 'G', 8, 'KYNDALL', 'RHOADES');
INSERT INTO `runners` VALUES (650, 65, 2, 13, 'G', 8, 'LYDIA', 'ANDERSON');
INSERT INTO `runners` VALUES (651, 21, 2, 13, 'G', 8, 'MAYA', 'MOSCOLO');
INSERT INTO `runners` VALUES (652, 21, 2, 12, 'G', 8, 'KYRA', 'HUTCHISON');
INSERT INTO `runners` VALUES (653, 21, 2, 12, 'G', 8, 'JULIA', 'ANIEKO');
INSERT INTO `runners` VALUES (654, 21, 2, 12, 'G', 7, 'EMILY', 'PATYK');
INSERT INTO `runners` VALUES (655, 21, 2, 12, 'G', 7, 'MAGGIE', 'GIROUX');
INSERT INTO `runners` VALUES (657, 21, 2, 12, 'G', 6, 'VICTORIA', 'SZEWCZYK');
INSERT INTO `runners` VALUES (658, 21, 2, 12, 'G', 6, 'DOMINIQUE', 'BARTOLETTI');
INSERT INTO `runners` VALUES (659, 21, 2, 12, 'G', 6, 'BROOKE', 'ANDRE');
INSERT INTO `runners` VALUES (660, 21, 2, 12, 'G', 6, 'ADDISON', 'ADROWSKI');
INSERT INTO `runners` VALUES (661, 21, 2, 12, 'G', 6, 'ISABELLA', 'MARUNDE');
INSERT INTO `runners` VALUES (662, 21, 2, 13, 'G', 6, 'MADELINE', 'BIALKO');
INSERT INTO `runners` VALUES (663, 21, 2, 13, 'G', 6, 'ASHA', 'BONTJE');
INSERT INTO `runners` VALUES (664, 21, 2, 12, 'G', 6, 'ELISE', 'BROWN');
INSERT INTO `runners` VALUES (665, 21, 2, 12, 'G', 6, 'MAKAILA', 'CARR');
INSERT INTO `runners` VALUES (666, 21, 2, 12, 'G', 6, 'AUDREY', 'COFFEY');
INSERT INTO `runners` VALUES (667, 21, 2, 11, 'G', 6, 'JULIE', 'HAGEN');
INSERT INTO `runners` VALUES (668, 21, 2, 12, 'G', 6, 'SAVANNA', 'JENSEN');
INSERT INTO `runners` VALUES (669, 21, 2, 12, 'G', 6, 'APRIL', 'TOYOFUKU');
INSERT INTO `runners` VALUES (670, 21, 2, 12, 'G', 6, 'DELANEY', 'SHARPE');
INSERT INTO `runners` VALUES (671, 21, 2, 12, 'G', 6, 'PEYTON', 'STENGREN');
INSERT INTO `runners` VALUES (672, 21, 2, 12, 'G', 6, 'TESSA', 'SCANLAN');
INSERT INTO `runners` VALUES (673, 21, 2, 12, 'G', 6, 'ABIGAYLE', 'SAYAVONGSA');
INSERT INTO `runners` VALUES (674, 21, 2, 13, 'G', 6, 'ANDREA', 'TEVES');
INSERT INTO `runners` VALUES (676, 21, 2, 11, 'G', 6, 'TAYLOR', 'WATSON');
INSERT INTO `runners` VALUES (677, 1, 2, 8, 'B', 4, 'MAXIMILIAN', 'LOZA');
INSERT INTO `runners` VALUES (678, 9, 2, 10, 'B', 8, 'CLAYTON', 'BAIRD');
INSERT INTO `runners` VALUES (679, 6, 2, 12, 'G', 8, 'VICTORIA', 'NATION');
INSERT INTO `runners` VALUES (680, 6, 2, 10, 'B', 8, 'ALEX', 'BECKER');
INSERT INTO `runners` VALUES (681, 6, 2, 10, 'B', 8, 'JOSH', 'ELLENS');
INSERT INTO `runners` VALUES (682, 6, 2, 10, 'B', 8, 'RYAN', 'HORNER');
INSERT INTO `runners` VALUES (683, 6, 2, 10, 'B', 8, 'TOMMY', 'KUNZ');
INSERT INTO `runners` VALUES (684, 6, 2, 10, 'B', 8, 'SHANE', 'ROOZEBOOM');
INSERT INTO `runners` VALUES (685, 6, 2, 12, 'G', 7, 'CHLOE', 'LEPPINK');
INSERT INTO `runners` VALUES (686, 6, 2, 12, 'G', 6, 'SAMI', 'DRYE');
INSERT INTO `runners` VALUES (687, 6, 2, 12, 'G', 6, 'SOPHIA', 'SCHURINGA');
INSERT INTO `runners` VALUES (688, 6, 2, 12, 'G', 6, 'ASHLEY', 'SIKKENGA');
INSERT INTO `runners` VALUES (689, 6, 2, 12, 'G', 6, 'EMILY', 'TURNER');
INSERT INTO `runners` VALUES (690, 6, 2, 9, 'B', 6, 'GAVIN', 'BULLARD');
INSERT INTO `runners` VALUES (691, 6, 2, 9, 'B', 6, 'NICHOLAS', 'PELLEGRINO');
INSERT INTO `runners` VALUES (692, 6, 2, 9, 'B', 6, 'HYAN', 'SACHS');
INSERT INTO `runners` VALUES (693, 6, 2, 9, 'B', 7, 'JOSH', 'BEMISTER');
INSERT INTO `runners` VALUES (694, 6, 2, 9, 'B', 7, 'AIDEN', 'HOOGSTRA');
INSERT INTO `runners` VALUES (695, 6, 2, 9, 'B', 7, 'GIOVANNI', 'MOLINA');
INSERT INTO `runners` VALUES (696, 6, 2, 9, 'B', 7, 'TYCE', 'PLAISIER');
INSERT INTO `runners` VALUES (697, 6, 2, 9, 'B', 7, 'CHRISTIAN', 'VANDERVEEN');
INSERT INTO `runners` VALUES (698, 6, 2, 10, 'B', 8, 'ZACH', 'TERPSTRA');
INSERT INTO `runners` VALUES (699, 6, 2, 12, 'G', 6, 'MADIE', 'BYRD');
INSERT INTO `runners` VALUES (700, 4, 2, 9, 'B', 6, 'JACK', 'HISS');
INSERT INTO `runners` VALUES (701, 4, 2, 12, 'G', 3, 'MARGARET', 'HISS');
INSERT INTO `runners` VALUES (702, 8, 2, 11, 'G', 5, 'AVA', 'ALKASS');
INSERT INTO `runners` VALUES (703, 8, 2, 8, 'B', 5, 'JOSHUA', 'BECKERT');
INSERT INTO `runners` VALUES (704, 8, 2, 11, 'G', 5, 'EMILY', 'CLARKE');
INSERT INTO `runners` VALUES (705, 8, 2, 8, 'B', 5, 'CAMERON', 'COTTEN');
INSERT INTO `runners` VALUES (706, 8, 2, 8, 'B', 5, 'MICHAEL', 'DIVITO');
INSERT INTO `runners` VALUES (707, 8, 2, 11, 'G', 5, 'JAMIE', 'LASKIEWICZ');
INSERT INTO `runners` VALUES (708, 8, 2, 10, 'B', 5, 'TIMOTHY', 'LASKIEWICZ');
INSERT INTO `runners` VALUES (709, 8, 2, 10, 'B', 6, 'JOEY', 'BRUNO');
INSERT INTO `runners` VALUES (710, 8, 2, 10, 'B', 6, 'PETER', 'DEMPSEY');
INSERT INTO `runners` VALUES (711, 8, 2, 10, 'B', 6, 'RICKY', 'DIVITO');
INSERT INTO `runners` VALUES (712, 8, 2, 10, 'B', 7, 'JEFFERY', 'BECKERT');
INSERT INTO `runners` VALUES (713, 8, 2, 13, 'G', 7, 'CAITIE', 'CLARKE');
INSERT INTO `runners` VALUES (714, 8, 2, 13, 'G', 8, 'SHANNON', 'WALSH');
INSERT INTO `runners` VALUES (715, 8, 2, 10, 'B', 7, 'MICHAEL', 'PIAGARI');
INSERT INTO `runners` VALUES (716, 8, 2, 10, 'B', 8, 'SEAN', 'BURNS');
INSERT INTO `runners` VALUES (717, 38, 2, 9, 'B', 7, 'WILLIAM', 'HUTCHINSON');
INSERT INTO `runners` VALUES (718, 38, 2, 9, 'B', 7, 'JOSH', 'BOUNDY');
INSERT INTO `runners` VALUES (719, 38, 2, 9, 'B', 7, 'JACK', 'LOVELACE');
INSERT INTO `runners` VALUES (758, 67, 3, 15, 'G', 7, 'VIVIENNE', 'SIEFKER');
INSERT INTO `runners` VALUES (759, 126, 3, 15, 'G', 8, 'NATALY', 'BAHNS');
INSERT INTO `runners` VALUES (760, 126, 3, 15, 'G', 8, 'KENDALL', 'KNISLEY');
INSERT INTO `runners` VALUES (761, 126, 3, 15, 'G', 8, 'EMILEE', 'CLEMENSEN');
INSERT INTO `runners` VALUES (762, 126, 3, 15, 'G', 7, 'GABBY', 'LEIBOLD');
INSERT INTO `runners` VALUES (763, 126, 3, 15, 'G', 7, 'MADISON', 'WILSHUSEN');
INSERT INTO `runners` VALUES (764, 126, 3, 15, 'G', 7, 'JAYDE', 'JORGENSEN');
INSERT INTO `runners` VALUES (765, 126, 3, 15, 'G', 6, 'HALLIE', 'SCHMITZER');
INSERT INTO `runners` VALUES (766, 126, 3, 15, 'G', 6, 'SOPHIE', 'WIKLUND');
INSERT INTO `runners` VALUES (767, 126, 3, 14, 'B', 8, 'JACOB', 'SCHWARTZHOFF');
INSERT INTO `runners` VALUES (768, 126, 3, 14, 'B', 8, 'CALEB', 'WILSHUSEN');
INSERT INTO `runners` VALUES (770, 127, 3, 14, 'B', 7, 'GABE', 'NEWBROUGH');
INSERT INTO `runners` VALUES (771, 129, 3, 14, 'B', 6, 'EVAN', 'BENSE');
INSERT INTO `runners` VALUES (772, 129, 3, 14, 'B', 8, 'TYLER', 'BLYTHE');
INSERT INTO `runners` VALUES (773, 129, 3, 14, 'B', 5, 'ELIJAH', 'CLARK');
INSERT INTO `runners` VALUES (774, 129, 3, 14, 'B', 5, 'ELIJAH', 'CLORE');
INSERT INTO `runners` VALUES (775, 129, 3, 14, 'B', 6, 'DREW', 'JACOBI');
INSERT INTO `runners` VALUES (776, 129, 3, 14, 'B', 8, 'LIAM', 'KRUEGER');
INSERT INTO `runners` VALUES (777, 129, 3, 14, 'B', 8, 'MATEO', 'MENDEZ');
INSERT INTO `runners` VALUES (778, 129, 3, 14, 'B', 5, 'MACARIO', 'MENDEZ');
INSERT INTO `runners` VALUES (779, 129, 3, 14, 'B', 6, 'JADEN', 'MITCHELL');
INSERT INTO `runners` VALUES (780, 129, 3, 14, 'B', 5, 'ELI', 'OSTROM');
INSERT INTO `runners` VALUES (781, 129, 3, 14, 'B', 6, 'JONATHAN', 'RUCH');
INSERT INTO `runners` VALUES (782, 129, 3, 14, 'B', 5, 'VINCENT', 'SASSE');
INSERT INTO `runners` VALUES (783, 129, 3, 14, 'B', 6, 'IAN', 'SCHOLL');
INSERT INTO `runners` VALUES (784, 129, 3, 14, 'B', 6, 'BRODY', 'SELKING');
INSERT INTO `runners` VALUES (785, 129, 3, 14, 'B', 5, 'ASHER', 'STEVENS');
INSERT INTO `runners` VALUES (786, 129, 3, 14, 'B', 8, 'BEN', 'SYLVA');
INSERT INTO `runners` VALUES (787, 129, 3, 14, 'B', 7, 'JUSTIN', 'SYLVA');
INSERT INTO `runners` VALUES (788, 129, 3, 14, 'B', 5, 'JONATHAN', 'SYLVA');
INSERT INTO `runners` VALUES (789, 129, 3, 14, 'B', 3, 'DAVID', 'SYLVA');
INSERT INTO `runners` VALUES (790, 129, 3, 14, 'B', 8, 'NICK', 'STONER');
INSERT INTO `runners` VALUES (791, 129, 3, 14, 'B', 8, 'SAM', 'WITTE');
INSERT INTO `runners` VALUES (792, 129, 3, 14, 'B', 4, 'MICAH', 'WETTSCHURACK');
INSERT INTO `runners` VALUES (793, 129, 3, 15, 'G', 8, 'LILY', 'BAKER');
INSERT INTO `runners` VALUES (794, 129, 3, 15, 'G', 8, 'AVERY', 'BROOKS');
INSERT INTO `runners` VALUES (795, 129, 3, 15, 'G', 8, 'RILEY', 'CAROTHERS');
INSERT INTO `runners` VALUES (796, 129, 3, 15, 'G', 6, 'AVA', 'HATTON');
INSERT INTO `runners` VALUES (797, 129, 3, 15, 'G', 8, 'OLIVIA', 'KLINGE');
INSERT INTO `runners` VALUES (798, 129, 3, 15, 'G', 8, 'CHLOE', 'KRUEGER');
INSERT INTO `runners` VALUES (799, 129, 3, 15, 'G', 7, 'BARBARA', 'MAY');
INSERT INTO `runners` VALUES (800, 129, 3, 15, 'G', 7, 'KENZIE', 'MEYER');
INSERT INTO `runners` VALUES (801, 129, 3, 15, 'G', 8, 'MADYSIN', 'PERRY');
INSERT INTO `runners` VALUES (802, 129, 3, 15, 'G', 8, 'HALLIE', 'RANDLE');
INSERT INTO `runners` VALUES (803, 129, 3, 15, 'G', 7, 'SYLVIA', 'SASSE');
INSERT INTO `runners` VALUES (804, 129, 3, 15, 'G', 8, 'ALAINA', 'SCHOLL');
INSERT INTO `runners` VALUES (805, 129, 3, 15, 'G', 6, 'SARAH', 'SEBASTIAN');
INSERT INTO `runners` VALUES (806, 129, 3, 15, 'G', 5, 'AINSLEY', 'SHERLOCK');
INSERT INTO `runners` VALUES (807, 129, 3, 15, 'G', 8, 'EMILY', 'TITUS');
INSERT INTO `runners` VALUES (808, 130, 3, 14, 'B', 6, 'SAM', 'SPLINTER');
INSERT INTO `runners` VALUES (809, 92, 3, 14, 'B', 8, 'ETHAN', 'FRANK');
INSERT INTO `runners` VALUES (810, 92, 3, 14, 'B', 7, 'JONATHON', 'HOARD');
INSERT INTO `runners` VALUES (811, 92, 3, 14, 'B', 6, 'TANNER', 'KROEGER');
INSERT INTO `runners` VALUES (812, 92, 3, 14, 'B', 5, 'BRETT', 'MAGNUS');
INSERT INTO `runners` VALUES (813, 92, 3, 14, 'B', 5, 'BRAEDEN', 'MOSSNER');
INSERT INTO `runners` VALUES (814, 92, 3, 14, 'B', 5, 'COLE', 'PERGRAM');
INSERT INTO `runners` VALUES (815, 92, 3, 14, 'B', 8, 'LIAM', 'SEVERS');
INSERT INTO `runners` VALUES (816, 92, 3, 14, 'B', 7, 'JONAH', 'SHOLTEN');
INSERT INTO `runners` VALUES (817, 92, 3, 14, 'B', 5, 'LAW', 'SHOLTEN');
INSERT INTO `runners` VALUES (818, 92, 3, 14, 'B', 5, 'TROY', 'TRUDELL');
INSERT INTO `runners` VALUES (819, 92, 3, 14, 'B', 6, 'LUKE', 'WILHELM');
INSERT INTO `runners` VALUES (820, 92, 3, 14, 'B', 5, 'ZACKARY', 'WILHELM');
INSERT INTO `runners` VALUES (821, 92, 3, 15, 'G', 6, 'CLARE', 'CONZELMANN');
INSERT INTO `runners` VALUES (822, 92, 3, 15, 'G', 4, 'LUCY', 'CONZELMANN');
INSERT INTO `runners` VALUES (823, 92, 3, 15, 'G', 5, 'NATALIE', 'FOLTZ');
INSERT INTO `runners` VALUES (824, 92, 3, 15, 'G', 5, 'SAMANTHA', 'FRANK');
INSERT INTO `runners` VALUES (825, 92, 3, 15, 'G', 5, 'CAILIN', 'HART');
INSERT INTO `runners` VALUES (826, 92, 3, 15, 'G', 7, 'CASSIDY', 'HART');
INSERT INTO `runners` VALUES (827, 92, 3, 15, 'G', 7, 'CHARLOTTE', 'HILL');
INSERT INTO `runners` VALUES (828, 92, 3, 15, 'G', 7, 'EVELYN', 'HILL');
INSERT INTO `runners` VALUES (829, 92, 3, 15, 'G', 5, 'MADISON', 'HOARD');
INSERT INTO `runners` VALUES (830, 92, 3, 15, 'G', 7, 'KAITLYN', 'MILLER');
INSERT INTO `runners` VALUES (831, 92, 3, 15, 'G', 5, 'KAYDENCE', 'PASHBY');
INSERT INTO `runners` VALUES (832, 92, 3, 15, 'G', 7, 'MADISON', 'PATEN');
INSERT INTO `runners` VALUES (833, 92, 3, 15, 'G', 8, 'MOLLY', 'PERGRAM');
INSERT INTO `runners` VALUES (834, 92, 3, 15, 'G', 5, 'ALYSON', 'PETERSON');
INSERT INTO `runners` VALUES (835, 92, 3, 15, 'G', 7, 'ASHLYN', 'PETERSON');
INSERT INTO `runners` VALUES (836, 92, 3, 15, 'G', 5, 'CATE', 'RETBERG');
INSERT INTO `runners` VALUES (837, 92, 3, 15, 'G', 5, 'AVERY', 'RITTMUELLER');
INSERT INTO `runners` VALUES (838, 92, 3, 15, 'G', 5, 'ELOISE', 'SCHMITT');
INSERT INTO `runners` VALUES (839, 92, 3, 15, 'G', 5, 'LHAYLAN', 'SEVERS');
INSERT INTO `runners` VALUES (840, 92, 3, 15, 'G', 4, 'NYLA', 'SHOLTEN');
INSERT INTO `runners` VALUES (841, 92, 3, 15, 'G', 5, 'MADDI', 'SPECHT');
INSERT INTO `runners` VALUES (842, 92, 3, 15, 'G', 5, 'AMELIA', 'WINNINGHAM');
INSERT INTO `runners` VALUES (843, 92, 3, 15, 'G', 8, 'MADDIE', 'ZEHNDER');
INSERT INTO `runners` VALUES (844, 81, 3, 14, 'B', 8, 'CALEB', 'DOEDE');
INSERT INTO `runners` VALUES (845, 81, 3, 14, 'B', 8, 'MAX', 'VOLLMERT');
INSERT INTO `runners` VALUES (846, 81, 3, 14, 'B', 7, 'COLE', 'BIEBER');
INSERT INTO `runners` VALUES (847, 81, 3, 14, 'B', 7, 'NATHAN', 'HALSTEAD');
INSERT INTO `runners` VALUES (848, 81, 3, 14, 'B', 5, 'ANDREW', 'LEMKE');
INSERT INTO `runners` VALUES (849, 81, 3, 14, 'B', 5, 'REED', 'GEARIN');
INSERT INTO `runners` VALUES (850, 81, 3, 14, 'B', 6, 'BRETT', 'BERUMEN');
INSERT INTO `runners` VALUES (851, 81, 3, 14, 'B', 5, 'OLIVER', 'POYHONEN');
INSERT INTO `runners` VALUES (852, 99, 3, 14, 'B', 7, 'NOAH', 'MARTINSON');
INSERT INTO `runners` VALUES (853, 99, 3, 15, 'G', 6, 'ADDISON', 'FAGAN');
INSERT INTO `runners` VALUES (854, 131, 3, 15, 'G', 8, 'KYRA', 'SCHOPPER');
INSERT INTO `runners` VALUES (855, 131, 3, 14, 'B', 5, 'THOMAS', 'HERMANN');
INSERT INTO `runners` VALUES (856, 133, 3, 14, 'B', 8, 'JOEL', 'LAURSEN');
INSERT INTO `runners` VALUES (857, 133, 3, 14, 'B', 4, 'NOAH', 'LAURSEN');
INSERT INTO `runners` VALUES (858, 133, 3, 15, 'G', 8, 'NICOLE', 'RAYMOND');
INSERT INTO `runners` VALUES (859, 67, 3, 15, 'G', 5, 'ALEXIS', 'STUCKWISCH');
INSERT INTO `runners` VALUES (860, 134, 3, 14, 'B', 7, 'MARK', 'GARCIA');
INSERT INTO `runners` VALUES (861, 67, 3, 14, 'B', 8, 'PAUL', 'BONTRAGER');
INSERT INTO `runners` VALUES (862, 77, 3, 14, 'B', 8, 'JOSH', 'ANHALT');
INSERT INTO `runners` VALUES (863, 77, 3, 15, 'G', 6, 'MAKENZIE', 'LUEHRING');
INSERT INTO `runners` VALUES (864, 90, 3, 14, 'B', 8, 'SILAS', 'EBELING');
INSERT INTO `runners` VALUES (865, 90, 3, 14, 'B', 8, 'JACOB', 'ALEJANDRO');
INSERT INTO `runners` VALUES (866, 90, 3, 14, 'B', 6, 'NATE', 'CLOSE');
INSERT INTO `runners` VALUES (867, 90, 3, 14, 'B', 8, 'MICAH', 'BUSKE');
INSERT INTO `runners` VALUES (868, 90, 3, 14, 'B', 6, 'AMOS', 'EBELING');
INSERT INTO `runners` VALUES (869, 90, 3, 14, 'B', 6, 'BEN', 'LANGEBARTELS');
INSERT INTO `runners` VALUES (870, 90, 3, 14, 'B', 7, 'SAM', 'GOEDE');
INSERT INTO `runners` VALUES (871, 90, 3, 14, 'B', 6, 'ZAVIER', 'ZENS');
INSERT INTO `runners` VALUES (872, 90, 3, 14, 'B', 5, 'AJ', 'DUNCAN');
INSERT INTO `runners` VALUES (873, 90, 3, 15, 'G', 4, 'ANA', 'BUSKE');
INSERT INTO `runners` VALUES (874, 90, 3, 15, 'G', 5, 'EMMA', 'CLOSE');
INSERT INTO `runners` VALUES (875, 90, 3, 15, 'G', 4, 'BETH', 'LANGEBARTELS');
INSERT INTO `runners` VALUES (876, 90, 3, 15, 'G', 5, 'ANNALISE', 'KUEHN');
INSERT INTO `runners` VALUES (877, 90, 3, 15, 'G', 5, 'CLARA', 'SCHULZ');
INSERT INTO `runners` VALUES (878, 90, 3, 15, 'G', 4, 'HAILEY', 'SCHNEIKER');
INSERT INTO `runners` VALUES (879, 90, 3, 15, 'G', 4, 'CALISSA', 'SCHULZ');
INSERT INTO `runners` VALUES (880, 90, 3, 15, 'G', 7, 'EVA', 'KUEHN');
INSERT INTO `runners` VALUES (881, 90, 3, 15, 'G', 7, 'ANNABELLE', 'NAULT');
INSERT INTO `runners` VALUES (882, 90, 3, 15, 'G', 7, 'EMMA', 'LINDERT');
INSERT INTO `runners` VALUES (883, 112, 3, 14, 'B', 7, 'BREWER', 'SNAY');
INSERT INTO `runners` VALUES (884, 112, 3, 14, 'B', 7, 'JAMISON', 'SNAY');
INSERT INTO `runners` VALUES (885, 112, 3, 14, 'B', 4, 'AARON', 'JOSHUA');
INSERT INTO `runners` VALUES (886, 112, 3, 14, 'B', 7, 'LUKE', 'PACE');
INSERT INTO `runners` VALUES (887, 112, 3, 14, 'B', 4, 'GRAYSON', 'LUZ');
INSERT INTO `runners` VALUES (888, 112, 3, 14, 'B', 5, 'LIAM', 'LUZ');
INSERT INTO `runners` VALUES (889, 112, 3, 14, 'B', 4, 'CALEB', 'ERKKINEN');
INSERT INTO `runners` VALUES (890, 135, 3, 14, 'B', 6, 'EASTON', 'WOLFRAM');
INSERT INTO `runners` VALUES (891, 78, 3, 15, 'G', 8, 'LAUREN', 'HAMILTON');
INSERT INTO `runners` VALUES (892, 78, 3, 15, 'G', 7, 'ABBY', 'GROCKI');
INSERT INTO `runners` VALUES (893, 78, 3, 15, 'G', 7, 'EMILY', 'WALLAS');
INSERT INTO `runners` VALUES (894, 78, 3, 15, 'G', 8, 'EVELYN', 'CUMMINS');
INSERT INTO `runners` VALUES (895, 78, 3, 15, 'G', 8, 'BRIANNA', 'WOOD');
INSERT INTO `runners` VALUES (896, 78, 3, 15, 'G', 6, 'HANNAH', 'TOTTEN');
INSERT INTO `runners` VALUES (897, 78, 3, 15, 'G', 5, 'ABBY', 'CUMMINS');
INSERT INTO `runners` VALUES (899, 78, 3, 15, 'G', 4, 'GRACIE', 'FRAZIER');
INSERT INTO `runners` VALUES (900, 78, 3, 15, 'G', 4, 'EMERSON', 'CANEN');
INSERT INTO `runners` VALUES (901, 78, 3, 15, 'G', 4, 'ANNABELLE', 'GOUCHER');
INSERT INTO `runners` VALUES (902, 110, 3, 15, 'G', 8, 'ABIGAIL', 'MINNING');
INSERT INTO `runners` VALUES (903, 110, 3, 15, 'G', 6, 'ELEANOR', 'WENDORFF');
INSERT INTO `runners` VALUES (904, 110, 3, 15, 'G', 8, 'MARIN', 'RIESEN');
INSERT INTO `runners` VALUES (905, 110, 3, 15, 'G', 8, 'HADLEY', 'WENDORFF');
INSERT INTO `runners` VALUES (906, 110, 3, 15, 'G', 8, 'NATALIE', 'PUNZEL');
INSERT INTO `runners` VALUES (907, 110, 3, 15, 'G', 6, 'KEONA', 'OESTREICHER');
INSERT INTO `runners` VALUES (908, 110, 3, 15, 'G', 7, 'EMERSON', 'MILBRATH');
INSERT INTO `runners` VALUES (909, 97, 3, 15, 'G', 8, 'MYA', 'HARTJES');
INSERT INTO `runners` VALUES (910, 97, 3, 15, 'G', 5, 'CLAIRE', 'WILLE');
INSERT INTO `runners` VALUES (911, 97, 3, 15, 'G', 6, 'DELANEY', 'MILLER');
INSERT INTO `runners` VALUES (912, 97, 3, 15, 'G', 8, 'GRACE', 'MCNABB');
INSERT INTO `runners` VALUES (913, 97, 3, 15, 'G', 7, 'JOSIE', 'GEHRKE');
INSERT INTO `runners` VALUES (914, 97, 3, 15, 'G', 7, 'ABBEY', 'BOPPRE');
INSERT INTO `runners` VALUES (915, 97, 3, 15, 'G', 8, 'GRACE', 'VIESSELMANN');
INSERT INTO `runners` VALUES (916, 97, 3, 15, 'G', 5, 'BRAYLEIGH', 'SUMNER');
INSERT INTO `runners` VALUES (917, 97, 3, 15, 'G', 5, 'KAYLEIGH', 'GOETTER');
INSERT INTO `runners` VALUES (918, 97, 3, 15, 'G', 7, 'ALLISON', 'VIESSELMANN');
INSERT INTO `runners` VALUES (919, 97, 3, 15, 'G', 6, 'LEAH', 'VIESSELMANN');
INSERT INTO `runners` VALUES (920, 97, 3, 15, 'G', 5, 'ELLIE', 'FEDERL');
INSERT INTO `runners` VALUES (921, 97, 3, 14, 'B', 8, 'MAX', 'SCHMIDT');
INSERT INTO `runners` VALUES (922, 97, 3, 14, 'B', 7, 'MICHAEL', 'MCNABB');
INSERT INTO `runners` VALUES (923, 97, 3, 14, 'B', 7, 'ZAK', 'GOETTER');
INSERT INTO `runners` VALUES (924, 97, 3, 14, 'B', 5, 'LIAM', 'TAYLOR');
INSERT INTO `runners` VALUES (925, 97, 3, 14, 'B', 5, 'WILL', 'BOPPRE');
INSERT INTO `runners` VALUES (926, 97, 3, 14, 'B', 7, 'TREVOR', 'NAUTA');
INSERT INTO `runners` VALUES (927, 97, 3, 14, 'B', 6, 'SIMEON', 'SCHWERTZ');
INSERT INTO `runners` VALUES (928, 97, 3, 14, 'B', 7, 'GABE', 'HINGISS');
INSERT INTO `runners` VALUES (929, 61, 3, 14, 'B', 5, 'LOGAN', 'JOHANNING');
INSERT INTO `runners` VALUES (930, 61, 3, 14, 'B', 5, 'GAVIN', 'MOSIER');
INSERT INTO `runners` VALUES (931, 61, 3, 14, 'B', 5, 'MASON', 'SANDERS');
INSERT INTO `runners` VALUES (932, 61, 3, 14, 'B', 6, 'ETHAN', 'GRUTZA');
INSERT INTO `runners` VALUES (933, 61, 3, 14, 'B', 6, 'AJ', 'JURSS');
INSERT INTO `runners` VALUES (934, 61, 3, 14, 'B', 6, 'ISAAC', 'KRZYZANIAK');
INSERT INTO `runners` VALUES (935, 61, 3, 14, 'B', 6, 'JAMES', 'REID');
INSERT INTO `runners` VALUES (936, 61, 3, 14, 'B', 6, 'ZACHARY', 'SCHROM');
INSERT INTO `runners` VALUES (937, 61, 3, 14, 'B', 6, 'BRADLEY', 'SCHULER');
INSERT INTO `runners` VALUES (938, 61, 3, 14, 'B', 6, 'ALEX', 'SEARING');
INSERT INTO `runners` VALUES (939, 61, 3, 14, 'B', 6, 'ISAAC', 'WOZNICKI');
INSERT INTO `runners` VALUES (940, 61, 3, 14, 'B', 7, 'CHRISTOPHER', 'CARPENTER');
INSERT INTO `runners` VALUES (941, 61, 3, 14, 'B', 7, 'CHRISTOPHER', 'HINSON');
INSERT INTO `runners` VALUES (942, 61, 3, 14, 'B', 7, 'MATTHEW', 'HINSON');
INSERT INTO `runners` VALUES (943, 61, 3, 14, 'B', 7, 'KIERAN', 'SCHINDLER');
INSERT INTO `runners` VALUES (944, 61, 3, 14, 'B', 7, 'DANIEL', 'SERRA');
INSERT INTO `runners` VALUES (945, 61, 3, 14, 'B', 7, 'ADAM', 'TRUMBLE');
INSERT INTO `runners` VALUES (946, 61, 3, 14, 'B', 7, 'MICHAEL', 'WINTER');
INSERT INTO `runners` VALUES (947, 61, 3, 14, 'B', 7, 'NATHAN', 'WISE');
INSERT INTO `runners` VALUES (948, 61, 3, 14, 'B', 8, 'JACOB', 'GOLEMBIEWSKI');
INSERT INTO `runners` VALUES (949, 61, 3, 14, 'B', 8, 'CARSON', 'KERLIN');
INSERT INTO `runners` VALUES (950, 61, 3, 14, 'B', 8, 'SETH', 'KOGUTKIEWICZ');
INSERT INTO `runners` VALUES (951, 61, 3, 15, 'G', 6, 'MADELYN', 'HARTUNG');
INSERT INTO `runners` VALUES (952, 121, 3, 15, 'G', 6, 'TEMPI', 'ZONDAG');
INSERT INTO `runners` VALUES (953, 121, 3, 15, 'G', 5, 'RYEN', 'SCHNEIBERG');
INSERT INTO `runners` VALUES (954, 112, 3, 14, 'B', 6, 'JACK', 'MCMAHON');
INSERT INTO `runners` VALUES (955, 112, 3, 14, 'B', 7, 'BENJI', 'ASHLEY');
INSERT INTO `runners` VALUES (956, 106, 3, 15, 'G', 7, 'EMILY', 'DURAN');
INSERT INTO `runners` VALUES (957, 106, 3, 15, 'G', 7, 'KIRSTIN', 'NEUWIRTH');
INSERT INTO `runners` VALUES (958, 106, 3, 15, 'G', 8, 'AVA', 'BIESTERFELD');
INSERT INTO `runners` VALUES (959, 106, 3, 15, 'G', 8, 'SHELBY', 'RENEAU');
INSERT INTO `runners` VALUES (960, 106, 3, 15, 'G', 7, 'MADDIE', 'RENEAU');
INSERT INTO `runners` VALUES (961, 106, 3, 15, 'G', 8, 'MIA', 'BUTLER');
INSERT INTO `runners` VALUES (962, 106, 3, 15, 'G', 7, 'AVERY', 'KNOLL');
INSERT INTO `runners` VALUES (963, 73, 3, 14, 'B', 6, 'KYLE', 'KIEPER');
INSERT INTO `runners` VALUES (964, 52, 3, 14, 'B', 8, 'NATHAN', 'HIGHLEY');
INSERT INTO `runners` VALUES (965, 74, 3, 15, 'G', 8, 'ABBY', 'WACHULA');
INSERT INTO `runners` VALUES (966, 89, 3, 15, 'G', 8, 'MADELEINE', 'BARGE');
INSERT INTO `runners` VALUES (967, 89, 3, 15, 'G', 5, 'ELIZABETH', 'BURRELL');
INSERT INTO `runners` VALUES (968, 89, 3, 15, 'G', 8, 'EMMA', 'BURRELL');
INSERT INTO `runners` VALUES (969, 89, 3, 15, 'G', 5, 'ABIGAIL', 'KOLTZ');
INSERT INTO `runners` VALUES (970, 89, 3, 15, 'G', 7, 'LILY', 'MYERS');
INSERT INTO `runners` VALUES (971, 89, 3, 15, 'G', 7, 'ABBY', 'RICE');
INSERT INTO `runners` VALUES (972, 89, 3, 15, 'G', 5, 'JULIA', 'TEELANDER');
INSERT INTO `runners` VALUES (973, 89, 3, 15, 'G', 8, 'PAIGE', 'WILUSZ');
INSERT INTO `runners` VALUES (974, 89, 3, 15, 'G', 7, 'KENDALL', 'ZALIWSKI');
INSERT INTO `runners` VALUES (975, 89, 3, 14, 'B', 6, 'HENRY', 'BARGE');
INSERT INTO `runners` VALUES (976, 89, 3, 14, 'B', 7, 'JACK', 'HEHL');
INSERT INTO `runners` VALUES (977, 136, 3, 15, 'G', 5, 'ELEANOR', 'COLE');
INSERT INTO `runners` VALUES (978, 93, 3, 14, 'B', 8, 'ZACH', 'JOHNSON');
INSERT INTO `runners` VALUES (979, 96, 3, 14, 'B', 4, 'LANDON', 'UHER');
INSERT INTO `runners` VALUES (980, 96, 3, 15, 'G', 4, 'LENA', 'SAMBORN');
INSERT INTO `runners` VALUES (981, 96, 3, 15, 'G', 8, 'MICHAELA', 'KURTH');
INSERT INTO `runners` VALUES (982, 115, 3, 14, 'B', 8, 'LUKE', 'BUTLER');
INSERT INTO `runners` VALUES (983, 115, 3, 15, 'G', 7, 'ASHLEY', 'RUHLIG');
INSERT INTO `runners` VALUES (984, 115, 3, 15, 'G', 8, 'GRACE', 'FINLEY');
INSERT INTO `runners` VALUES (985, 115, 3, 15, 'G', 6, 'CLAIRE', 'LISKER');
INSERT INTO `runners` VALUES (986, 115, 3, 15, 'G', 8, 'MERIN', 'MERKLE');
INSERT INTO `runners` VALUES (987, 115, 3, 15, 'G', 5, 'DELANI', 'WILLEY');
INSERT INTO `runners` VALUES (988, 115, 3, 15, 'G', 5, 'EMMA', 'WIGMAN');
INSERT INTO `runners` VALUES (989, 82, 3, 15, 'G', 4, 'HAYDEN', 'LAUER');
INSERT INTO `runners` VALUES (990, 82, 3, 15, 'G', 8, 'ALAYNA', 'PUSCH');
INSERT INTO `runners` VALUES (991, 105, 3, 14, 'B', 8, 'DOMINIC', 'KITTO');
INSERT INTO `runners` VALUES (992, 105, 3, 14, 'B', 5, 'LUKE', 'THIES');
INSERT INTO `runners` VALUES (993, 105, 3, 14, 'B', 7, 'JOSHUA', 'BROWN');
INSERT INTO `runners` VALUES (994, 105, 3, 15, 'G', 8, 'ANNE', 'MAY');
INSERT INTO `runners` VALUES (995, 105, 3, 15, 'G', 5, 'GRACE', 'TOBEY');
INSERT INTO `runners` VALUES (996, 105, 3, 15, 'G', 6, 'BELLA', 'LAPERRIERE');
INSERT INTO `runners` VALUES (997, 105, 3, 14, 'B', 7, 'BEN', 'IULIANELLI');
INSERT INTO `runners` VALUES (998, 105, 3, 14, 'B', 8, 'ANTHONY', 'MORGA');
INSERT INTO `runners` VALUES (999, 105, 3, 14, 'B', 5, 'JIMMY', 'SARCONI');
INSERT INTO `runners` VALUES (1000, 105, 3, 15, 'G', 4, 'AVERY', 'STALLMANN');
INSERT INTO `runners` VALUES (1001, 105, 3, 14, 'B', 6, 'REESE', 'RITTER');
INSERT INTO `runners` VALUES (1002, 105, 3, 15, 'G', 4, 'KATELYNN', 'BYDLOS');
INSERT INTO `runners` VALUES (1003, 105, 3, 15, 'G', 7, 'GRACIE', 'YOUNGBLOOD');
INSERT INTO `runners` VALUES (1004, 105, 3, 14, 'B', 6, 'ANDREW', 'STARRS');
INSERT INTO `runners` VALUES (1005, 105, 3, 14, 'B', 8, 'JOSEPH', 'DISTEFANO');
INSERT INTO `runners` VALUES (1006, 105, 3, 14, 'B', 4, 'GREGORY', 'GLASER');
INSERT INTO `runners` VALUES (1007, 105, 3, 14, 'B', 8, 'JOSH', 'TOBEY');
INSERT INTO `runners` VALUES (1008, 105, 3, 15, 'G', 4, 'KATYA', 'ANDERS0N');
INSERT INTO `runners` VALUES (1009, 128, 3, 15, 'G', 8, 'ANNABELLE', 'HEROLD');
INSERT INTO `runners` VALUES (1010, 128, 3, 15, 'G', 7, 'AMELIA', 'HEROLD');
INSERT INTO `runners` VALUES (1011, 128, 3, 14, 'B', 6, 'ANDREW', 'PERRY');
INSERT INTO `runners` VALUES (1012, 137, 3, 14, 'B', 6, 'JACOB', 'HURTGEN');
INSERT INTO `runners` VALUES (1013, 66, 3, 14, 'B', 5, 'GRANT', 'GARNER');
INSERT INTO `runners` VALUES (1014, 66, 3, 14, 'B', 5, 'XAVIER', 'ROMAN');
INSERT INTO `runners` VALUES (1015, 66, 3, 14, 'B', 6, 'AYDEN', 'MOSEY');
INSERT INTO `runners` VALUES (1016, 66, 3, 14, 'B', 8, 'LINCOLN', 'MACFARLANE');
INSERT INTO `runners` VALUES (1017, 66, 3, 14, 'B', 8, 'LOCHLAIN', 'MACFARLANE');
INSERT INTO `runners` VALUES (1018, 66, 3, 14, 'B', 8, 'ANTHONY', 'ROMAN');
INSERT INTO `runners` VALUES (1019, 107, 3, 15, 'G', 8, 'AALIYAH', 'WILKER');
INSERT INTO `runners` VALUES (1020, 84, 3, 14, 'B', 8, 'PETER', 'SMITH');
INSERT INTO `runners` VALUES (1021, 84, 3, 14, 'B', 8, 'NICHOLAS', 'DEMOS');
INSERT INTO `runners` VALUES (1022, 84, 3, 14, 'B', 7, 'GREY', 'DALY');
INSERT INTO `runners` VALUES (1023, 84, 3, 14, 'B', 6, 'AJ', 'DEMOS');
INSERT INTO `runners` VALUES (1024, 84, 3, 14, 'B', 5, 'KEVIN', 'POTTER');
INSERT INTO `runners` VALUES (1025, 84, 3, 14, 'B', 8, 'JACK', 'SCHMIDT');
INSERT INTO `runners` VALUES (1026, 84, 3, 15, 'G', 8, 'HANNAH', 'GILBERT');
INSERT INTO `runners` VALUES (1027, 84, 3, 15, 'G', 5, 'JOSIE', 'POTTER');
INSERT INTO `runners` VALUES (1028, 84, 3, 15, 'G', 7, 'MARICLARE', 'O''GORMAN');
INSERT INTO `runners` VALUES (1029, 84, 3, 15, 'G', 6, 'MEAGHAN', 'GILBERT');
INSERT INTO `runners` VALUES (1030, 84, 3, 15, 'G', 4, 'NOELLE', 'GILBERT');
INSERT INTO `runners` VALUES (1031, 84, 3, 15, 'G', 8, 'FRANCES', 'DONAHOE');
INSERT INTO `runners` VALUES (1032, 84, 3, 15, 'G', 5, 'SARAH', 'DONAHOE');
INSERT INTO `runners` VALUES (1033, 11, 3, 15, 'G', 8, 'KATIE', 'GERTSEN');
INSERT INTO `runners` VALUES (1034, 11, 3, 15, 'G', 5, 'SYDNEY', 'GERTSEN');
INSERT INTO `runners` VALUES (1035, 11, 3, 15, 'G', 5, 'ROSA', 'JIMENEZ');
INSERT INTO `runners` VALUES (1036, 117, 3, 14, 'B', 6, 'JACKSON', 'GURGEL');
INSERT INTO `runners` VALUES (1037, 117, 3, 15, 'G', 4, 'MYA', 'FRIESE');
INSERT INTO `runners` VALUES (1038, 1, 3, 15, 'G', 8, 'ANNA', 'HARDEN');
INSERT INTO `runners` VALUES (1039, 1, 3, 15, 'G', 8, 'MACKENZIE', 'GINDER');
INSERT INTO `runners` VALUES (1040, 1, 3, 15, 'G', 8, 'EMMA', 'VANMEVEREN');
INSERT INTO `runners` VALUES (1041, 1, 3, 15, 'G', 7, 'MEGAN', 'LEIDY');
INSERT INTO `runners` VALUES (1042, 1, 3, 15, 'G', 7, 'BRIDGET', 'DERENGOWSKI');
INSERT INTO `runners` VALUES (1043, 1, 3, 15, 'G', 6, 'LIANN', 'ANG');
INSERT INTO `runners` VALUES (1044, 1, 3, 15, 'G', 4, 'AVA', 'MCQUADE');
INSERT INTO `runners` VALUES (1045, 1, 3, 15, 'G', 6, 'ABBY', 'HOMOLY');
INSERT INTO `runners` VALUES (1046, 1, 3, 15, 'G', 5, 'ELLA', 'HALTER');
INSERT INTO `runners` VALUES (1047, 1, 3, 15, 'G', 6, 'ABBY', 'SLADEK');
INSERT INTO `runners` VALUES (1048, 1, 3, 14, 'B', 7, 'JARED', 'RYG');
INSERT INTO `runners` VALUES (1049, 1, 3, 14, 'B', 6, 'NOLAN', 'SMITH');
INSERT INTO `runners` VALUES (1050, 1, 3, 14, 'B', 7, 'ZACHARY', 'FRAYDER');
INSERT INTO `runners` VALUES (1051, 1, 3, 14, 'B', 8, 'GRANT', 'SMITH');
INSERT INTO `runners` VALUES (1052, 1, 3, 14, 'B', 6, 'ANTHONY', 'LYNCH');
INSERT INTO `runners` VALUES (1053, 1, 3, 14, 'B', 7, 'BRANDON', 'KOCLANIS');
INSERT INTO `runners` VALUES (1054, 1, 3, 14, 'B', 7, 'JACOB', 'KOCLANIS');
INSERT INTO `runners` VALUES (1055, 1, 3, 14, 'B', 4, 'MASON', 'LEIDY');
INSERT INTO `runners` VALUES (1056, 1, 3, 14, 'B', 6, 'MILES', 'SMITH');
INSERT INTO `runners` VALUES (1057, 1, 3, 14, 'B', 7, 'TOMMY', 'PAPAIOANNOU');
INSERT INTO `runners` VALUES (1058, 1, 3, 14, 'B', 7, 'DANIEL', 'MAYO');
INSERT INTO `runners` VALUES (1059, 1, 3, 14, 'B', 5, 'CHRISTIAN', 'VANMEVEREN');
INSERT INTO `runners` VALUES (1060, 1, 3, 14, 'B', 8, 'YASHUA', 'BARAJAS');
INSERT INTO `runners` VALUES (1061, 138, 3, 15, 'G', 8, 'CIARA', 'REISNER');
INSERT INTO `runners` VALUES (1062, 138, 3, 15, 'G', 8, 'TATUMN', 'NYEN');
INSERT INTO `runners` VALUES (1063, 138, 3, 14, 'B', 7, 'WYATT', 'WERCINSKI');
INSERT INTO `runners` VALUES (1064, 138, 3, 15, 'G', 7, 'KAITLYN', 'WERCINSKI');
INSERT INTO `runners` VALUES (1065, 138, 3, 14, 'B', 5, 'BRODY', 'WERCINSKI');
INSERT INTO `runners` VALUES (1066, 138, 3, 14, 'B', 5, 'ERICK', 'BUNNER');
INSERT INTO `runners` VALUES (1067, 138, 3, 14, 'B', 5, 'MASON', 'KRUEGER');
INSERT INTO `runners` VALUES (1068, 138, 3, 14, 'B', 4, 'CALEB', 'REISNER');
INSERT INTO `runners` VALUES (1069, 138, 3, 14, 'B', 8, 'KEENAN', 'LENZEN');
INSERT INTO `runners` VALUES (1070, 95, 3, 15, 'G', 4, 'MAKENNA', 'HOEPPNER');
INSERT INTO `runners` VALUES (1071, 95, 3, 15, 'G', 5, 'LINDSEY', 'SELLA');
INSERT INTO `runners` VALUES (1072, 95, 3, 15, 'G', 7, 'LYDIA', 'CAMPBELL');
INSERT INTO `runners` VALUES (1073, 95, 3, 14, 'B', 6, 'JAKE', 'RODAMMER');
INSERT INTO `runners` VALUES (1074, 95, 3, 14, 'B', 6, 'WHEATLEY', 'RODAMMER');
INSERT INTO `runners` VALUES (1075, 56, 3, 14, 'B', 6, 'TOMMY', 'SHAFER');
INSERT INTO `runners` VALUES (1076, 35, 3, 14, 'B', 8, 'ETHAN', 'BARATTA');
INSERT INTO `runners` VALUES (1077, 23, 3, 14, 'B', 8, 'COHEN', 'MUSSCHOOT');
INSERT INTO `runners` VALUES (1078, 23, 3, 14, 'B', 6, 'SAM', 'CHAFFIN');
INSERT INTO `runners` VALUES (1079, 23, 3, 14, 'B', 6, 'ROBERT', 'HEUSER');
INSERT INTO `runners` VALUES (1080, 23, 3, 14, 'B', 7, 'ATHAN', 'POGGAS');
INSERT INTO `runners` VALUES (1081, 23, 3, 14, 'B', 8, 'DEVON', 'ROGERS');
INSERT INTO `runners` VALUES (1082, 23, 3, 14, 'B', 8, 'PATRICK', 'SIGNORE');
INSERT INTO `runners` VALUES (1083, 23, 3, 14, 'B', 8, 'AYDAN', 'SLAVIN');
INSERT INTO `runners` VALUES (1084, 23, 3, 14, 'B', 7, 'RYLAN', 'SMITH');
INSERT INTO `runners` VALUES (1085, 23, 3, 14, 'B', 8, 'JERICHO', 'TYNIS');
INSERT INTO `runners` VALUES (1086, 23, 3, 14, 'B', 6, 'WARREN', 'TYNIS');
INSERT INTO `runners` VALUES (1087, 23, 3, 15, 'G', 6, 'KATIE', 'POLIZZI');
INSERT INTO `runners` VALUES (1088, 140, 3, 15, 'G', 7, 'LILY', 'LEAKS');
INSERT INTO `runners` VALUES (1089, 139, 3, 15, 'G', 6, 'HAILEY', 'VETSE');
INSERT INTO `runners` VALUES (1090, 68, 3, 14, 'B', 5, 'GABRIEL', 'CHILSON');
INSERT INTO `runners` VALUES (1091, 68, 3, 14, 'B', 5, 'DEAN', 'BAKER');
INSERT INTO `runners` VALUES (1093, 68, 3, 14, 'B', 5, 'GRANT', 'CLARK');
INSERT INTO `runners` VALUES (1094, 68, 3, 14, 'B', 6, 'NATHAN', 'MEHRHOFF');
INSERT INTO `runners` VALUES (1095, 68, 3, 14, 'B', 8, 'JORDAN', 'REYNOLDS');
INSERT INTO `runners` VALUES (1096, 68, 3, 14, 'B', 8, 'ANDREW', 'ROCKENBACH');
INSERT INTO `runners` VALUES (1097, 68, 3, 14, 'B', 8, 'DAVID', 'NISSING');
INSERT INTO `runners` VALUES (1098, 68, 3, 15, 'G', 6, 'AVA', 'BREUER');
INSERT INTO `runners` VALUES (1099, 68, 3, 15, 'G', 6, 'ELLA', 'BREDENSTEINER');
INSERT INTO `runners` VALUES (1100, 68, 3, 15, 'G', 6, 'KATELYN', 'LINDEMANN');
INSERT INTO `runners` VALUES (1101, 68, 3, 15, 'G', 5, 'MELAINA', 'BEILSMITH');
INSERT INTO `runners` VALUES (1103, 68, 3, 15, 'G', 6, 'GENEVIEVE', 'WACKER');
INSERT INTO `runners` VALUES (1106, 62, 3, 14, 'B', 7, 'SEAN', 'HEETLAND');
INSERT INTO `runners` VALUES (1107, 62, 3, 14, 'B', 5, 'MICHAEL', 'JUNITZ');
INSERT INTO `runners` VALUES (1108, 139, 3, 14, 'B', 8, 'KEES', 'VAN OOSBREE');
INSERT INTO `runners` VALUES (1109, 122, 3, 14, 'B', 5, 'BRADY', 'DONAHUE');
INSERT INTO `runners` VALUES (1110, 122, 3, 14, 'B', 8, 'QUIN', 'GRAY');
INSERT INTO `runners` VALUES (1111, 122, 3, 14, 'B', 8, 'JACOB', 'BATES');
INSERT INTO `runners` VALUES (1112, 122, 3, 14, 'B', 7, 'SAM', 'LANDRETH');
INSERT INTO `runners` VALUES (1113, 122, 3, 14, 'B', 5, 'LANE', 'STELLING');
INSERT INTO `runners` VALUES (1114, 122, 3, 14, 'B', 5, 'ELIJAH', 'ZAMBRENCIA');
INSERT INTO `runners` VALUES (1115, 122, 3, 15, 'G', 7, 'ADORI', 'BATCHELDER');
INSERT INTO `runners` VALUES (1116, 141, 3, 14, 'B', 8, 'NICKOLAS', 'WENDL');
INSERT INTO `runners` VALUES (1117, 122, 3, 15, 'G', 5, 'MACIE', 'DILL');
INSERT INTO `runners` VALUES (1118, 122, 3, 15, 'G', 6, 'TAYLOR', 'GREEN');
INSERT INTO `runners` VALUES (1119, 122, 3, 15, 'G', 7, 'EMILY', 'HOOD');
INSERT INTO `runners` VALUES (1120, 122, 3, 15, 'G', 7, 'KARA', 'KRULICK');
INSERT INTO `runners` VALUES (1121, 122, 3, 15, 'G', 6, 'ABBY', 'PYLES');
INSERT INTO `runners` VALUES (1122, 122, 3, 15, 'G', 8, 'HAILEY', 'RESPER');
INSERT INTO `runners` VALUES (1123, 122, 3, 15, 'G', 8, 'GRACE', 'WEST');
INSERT INTO `runners` VALUES (1124, 122, 3, 15, 'G', 8, 'ELISSA', 'YOUNG');
INSERT INTO `runners` VALUES (1125, 88, 3, 15, 'G', 8, 'AUBREY', 'PIEL');
INSERT INTO `runners` VALUES (1126, 15, 3, 14, 'B', 7, 'PETER', 'ARMSTRONG');
INSERT INTO `runners` VALUES (1127, 4, 3, 15, 'G', 8, 'MEGAN', 'KIM');
INSERT INTO `runners` VALUES (1128, 4, 3, 15, 'G', 8, 'ANNIE', 'THOMAS');
INSERT INTO `runners` VALUES (1129, 15, 3, 14, 'B', 8, 'OWEN', 'AUGUSTINE');
INSERT INTO `runners` VALUES (1130, 4, 3, 15, 'G', 7, 'FRANKIE', 'HENDERSON');
INSERT INTO `runners` VALUES (1131, 4, 3, 15, 'G', 7, 'RACHEL', 'LIND');
INSERT INTO `runners` VALUES (1132, 142, 3, 15, 'G', 5, 'GRACEN', 'LIGHTER');
INSERT INTO `runners` VALUES (1133, 4, 3, 15, 'G', 5, 'ALIYA', 'BEDELL');
INSERT INTO `runners` VALUES (1134, 15, 3, 14, 'B', 8, 'GABE', 'BECERRA');
INSERT INTO `runners` VALUES (1135, 142, 3, 14, 'B', 8, 'DANIEL', 'MORRIS');
INSERT INTO `runners` VALUES (1136, 4, 3, 15, 'G', 4, 'JOHANNA', 'DUNCAN');
INSERT INTO `runners` VALUES (1137, 4, 3, 15, 'G', 4, 'LENA', 'LLOYD');
INSERT INTO `runners` VALUES (1139, 4, 3, 15, 'G', 3, 'YIANNA', 'MATSAS');
INSERT INTO `runners` VALUES (1140, 4, 3, 15, 'G', 3, 'RILEY', 'GAAN');
INSERT INTO `runners` VALUES (1141, 4, 3, 15, 'G', 3, 'MARGARET', 'HISS');
INSERT INTO `runners` VALUES (1142, 15, 3, 14, 'B', 8, 'JOSEPH', 'MILLER');
INSERT INTO `runners` VALUES (1143, 4, 3, 14, 'B', 6, 'RORY', 'GAAN');
INSERT INTO `runners` VALUES (1144, 4, 3, 14, 'B', 7, 'NATE', 'VANDERGIESSEN');
INSERT INTO `runners` VALUES (1145, 4, 3, 14, 'B', 8, 'STEVEN', 'VEREMIS');
INSERT INTO `runners` VALUES (1146, 15, 3, 14, 'B', 5, 'MATEO', 'MORENO');
INSERT INTO `runners` VALUES (1147, 4, 3, 14, 'B', 6, 'KYLE', 'TAYLOR');
INSERT INTO `runners` VALUES (1148, 15, 3, 14, 'B', 4, 'ZACH', 'MORGAN');
INSERT INTO `runners` VALUES (1149, 15, 3, 14, 'B', 7, 'HARRY', 'NIERMANN');
INSERT INTO `runners` VALUES (1150, 15, 3, 14, 'B', 5, 'DANIEL', 'ROBINSON');
INSERT INTO `runners` VALUES (1151, 15, 3, 14, 'B', 8, 'KLYE', 'STEINER');
INSERT INTO `runners` VALUES (1153, 15, 3, 14, 'B', 4, 'ADDIS', 'WILSON');
INSERT INTO `runners` VALUES (1154, 15, 3, 15, 'G', 5, 'DEMARIS', 'BENZAR');
INSERT INTO `runners` VALUES (1155, 15, 3, 15, 'G', 5, 'ELIANNA', 'BRUCATO');
INSERT INTO `runners` VALUES (1156, 15, 3, 15, 'G', 6, 'ANNE', 'CLAUD');
INSERT INTO `runners` VALUES (1157, 15, 3, 15, 'G', 6, 'TORI', 'ROBINSON');
INSERT INTO `runners` VALUES (1158, 15, 3, 15, 'G', 7, 'ALYSE', 'RYNIEWICZ');
INSERT INTO `runners` VALUES (1159, 15, 3, 15, 'G', 7, 'ANNA', 'SCHOLTENS');
INSERT INTO `runners` VALUES (1160, 15, 3, 15, 'G', 5, 'ELISSA', 'SCHOLTENS');
INSERT INTO `runners` VALUES (1161, 15, 3, 15, 'G', 8, 'HANNAH', 'SCHUBKEGEL');
INSERT INTO `runners` VALUES (1163, 15, 3, 15, 'G', 7, 'AALIYAH', 'THURMAN');
INSERT INTO `runners` VALUES (1165, 15, 3, 15, 'G', 8, 'MADELYN', 'VIRZI');
INSERT INTO `runners` VALUES (1166, 59, 3, 14, 'B', 7, 'JACK', 'DYKSTRA');
INSERT INTO `runners` VALUES (1167, 59, 3, 14, 'B', 8, 'MASON', 'EVERTS');
INSERT INTO `runners` VALUES (1168, 59, 3, 14, 'B', 6, 'GAVIN', 'GROB');
INSERT INTO `runners` VALUES (1169, 59, 3, 14, 'B', 8, 'ANDREW', 'GROPPE');
INSERT INTO `runners` VALUES (1170, 59, 3, 14, 'B', 6, 'AYN', 'HAJDU');
INSERT INTO `runners` VALUES (1171, 59, 3, 14, 'B', 5, 'JACK', 'HALLING');
INSERT INTO `runners` VALUES (1172, 59, 3, 14, 'B', 8, 'JACOB', 'HELM');
INSERT INTO `runners` VALUES (1173, 59, 3, 14, 'B', 8, 'JAYDEN', 'LAMM');
INSERT INTO `runners` VALUES (1174, 59, 3, 14, 'B', 5, 'NATHAN', 'MICHELS');
INSERT INTO `runners` VALUES (1175, 59, 3, 14, 'B', 7, 'JACK', 'POELLOT');
INSERT INTO `runners` VALUES (1176, 59, 3, 14, 'B', 6, 'CHARLIE', 'SCHMELZER');
INSERT INTO `runners` VALUES (1177, 59, 3, 14, 'B', 5, 'OWEN', 'WEEDEN');
INSERT INTO `runners` VALUES (1178, 59, 3, 14, 'B', 5, 'WILL', 'WEEDEN');
INSERT INTO `runners` VALUES (1179, 70, 3, 15, 'G', 7, 'EVA', 'GUNDERMANN');
INSERT INTO `runners` VALUES (1180, 114, 3, 14, 'B', 7, 'KEION', 'GRIEVE');
INSERT INTO `runners` VALUES (1181, 114, 3, 14, 'B', 8, 'KYLE', 'HAGEMEYER');
INSERT INTO `runners` VALUES (1182, 114, 3, 14, 'B', 8, 'DAVID', 'HOFHERR');
INSERT INTO `runners` VALUES (1183, 114, 3, 14, 'B', 8, 'MATTHEW', 'JOHNSON');
INSERT INTO `runners` VALUES (1184, 114, 3, 14, 'B', 7, 'NICHOLAS', 'LOESCH');
INSERT INTO `runners` VALUES (1185, 114, 3, 14, 'B', 7, 'CONNER', 'ELDER');
INSERT INTO `runners` VALUES (1186, 114, 3, 14, 'B', 6, 'BEN', 'KUHLMANN');
INSERT INTO `runners` VALUES (1187, 114, 3, 14, 'B', 7, 'GAGE', 'PAVELY');
INSERT INTO `runners` VALUES (1188, 114, 3, 14, 'B', 5, 'COOPER', 'ELDER');
INSERT INTO `runners` VALUES (1189, 114, 3, 14, 'B', 6, 'ISAAC', 'BUSHNER');
INSERT INTO `runners` VALUES (1190, 114, 3, 15, 'G', 8, 'MADDIE', 'HOMFELDT');
INSERT INTO `runners` VALUES (1191, 114, 3, 15, 'G', 6, 'SONYA', 'BRUNNER');
INSERT INTO `runners` VALUES (1192, 114, 3, 15, 'G', 6, 'ELLA', 'KINSEY');
INSERT INTO `runners` VALUES (1193, 114, 3, 15, 'G', 7, 'SYDNEY', 'MORRIS');
INSERT INTO `runners` VALUES (1194, 114, 3, 15, 'G', 5, 'CAMRYN', 'SALAZAR');
INSERT INTO `runners` VALUES (1195, 114, 3, 15, 'G', 4, 'HALEY', 'GANEY');
INSERT INTO `runners` VALUES (1196, 114, 3, 15, 'G', 6, 'MAHAILA', 'BRUNNER');
INSERT INTO `runners` VALUES (1197, 114, 3, 15, 'G', 6, 'ANNA', 'SCHATTE');
INSERT INTO `runners` VALUES (1198, 96, 3, 14, 'B', 8, 'MICHAEL', 'VARVARA');
INSERT INTO `runners` VALUES (1199, 143, 3, 15, 'G', 6, 'KAITLYN', 'BARBIERI');
INSERT INTO `runners` VALUES (1200, 69, 3, 14, 'B', 8, 'ANDREW', 'RETHEMEYER');
INSERT INTO `runners` VALUES (1201, 69, 3, 14, 'B', 6, 'AIDAN', 'HOPFENSPERGER');
INSERT INTO `runners` VALUES (1202, 97, 3, 14, 'B', 8, 'JOSEPH', 'COURTRIGHT');
INSERT INTO `runners` VALUES (1203, 7, 3, 15, 'G', 8, 'MACKENZIE', 'HUBER');
INSERT INTO `runners` VALUES (1204, 108, 3, 15, 'G', 3, 'ELIANA', 'VARGAS');
INSERT INTO `runners` VALUES (1205, 108, 3, 15, 'G', 5, 'NORA', 'FREDERICKSON');
INSERT INTO `runners` VALUES (1206, 108, 3, 15, 'G', 5, 'JENNA', 'KURTH');
INSERT INTO `runners` VALUES (1207, 108, 3, 15, 'G', 5, 'GABBY', 'SCHOCK');
INSERT INTO `runners` VALUES (1208, 108, 3, 15, 'G', 6, 'JULIANNE', 'KURTH');
INSERT INTO `runners` VALUES (1209, 108, 3, 15, 'G', 7, 'AYLA', 'LARSEN');
INSERT INTO `runners` VALUES (1210, 108, 3, 14, 'B', 5, 'ISAIAH', 'BOCKLUND');
INSERT INTO `runners` VALUES (1211, 108, 3, 14, 'B', 5, 'ETHAN', 'WILLIAMSON');
INSERT INTO `runners` VALUES (1212, 108, 3, 14, 'B', 6, 'EMMIT', 'MILLER');
INSERT INTO `runners` VALUES (1213, 108, 3, 14, 'B', 7, 'JACK', 'SOLHEID');
INSERT INTO `runners` VALUES (1214, 108, 3, 14, 'B', 8, 'ELLIOT', 'VARGAS');
INSERT INTO `runners` VALUES (1215, 108, 3, 14, 'B', 8, 'CHARLIE', 'WENDELL');
INSERT INTO `runners` VALUES (1216, 51, 3, 15, 'G', 7, 'SOPHIE', 'KRUEGER');
INSERT INTO `runners` VALUES (1217, 109, 3, 14, 'B', 6, 'CALEB', 'MORRIS');
INSERT INTO `runners` VALUES (1218, 109, 3, 15, 'G', 7, 'ELIZABETH', 'ZENDA-JOHNSON');
INSERT INTO `runners` VALUES (1219, 138, 3, 14, 'B', 5, 'MAC', 'COLEHOUR');
INSERT INTO `runners` VALUES (1220, 144, 3, 15, 'G', 8, 'KATELYNN', 'SCHNEIDER');
INSERT INTO `runners` VALUES (1222, 123, 3, 15, 'G', 5, 'ALYSSA', 'AYERS');
INSERT INTO `runners` VALUES (1223, 123, 3, 15, 'G', 5, 'OLIVIA', 'AYERS');
INSERT INTO `runners` VALUES (1224, 123, 3, 15, 'G', 5, 'SARAH', 'GROSS');
INSERT INTO `runners` VALUES (1225, 123, 3, 15, 'G', 5, 'RILEY', 'MUDD');
INSERT INTO `runners` VALUES (1226, 123, 3, 15, 'G', 6, 'CHARLOTTE', 'REITZ');
INSERT INTO `runners` VALUES (1227, 123, 3, 15, 'G', 7, 'ALI', 'RAITHEL');
INSERT INTO `runners` VALUES (1228, 123, 3, 15, 'G', 6, 'MADDIE', 'KEARNS');
INSERT INTO `runners` VALUES (1229, 123, 3, 15, 'G', 6, 'MADALYN', 'MAHONEY');
INSERT INTO `runners` VALUES (1230, 123, 3, 14, 'B', 7, 'CALVIN', 'GROSS');
INSERT INTO `runners` VALUES (1231, 123, 3, 14, 'B', 7, 'ISAAC', 'LIND');
INSERT INTO `runners` VALUES (1232, 123, 3, 14, 'B', 7, 'CHARLIE', 'MASA');
INSERT INTO `runners` VALUES (1233, 123, 3, 14, 'B', 8, 'AIDEN', 'KEARNS');
INSERT INTO `runners` VALUES (1234, 123, 3, 14, 'B', 8, 'ADAM', 'OSWALD');
INSERT INTO `runners` VALUES (1235, 123, 3, 14, 'B', 8, 'ALEX', 'OSWALD');
INSERT INTO `runners` VALUES (1236, 94, 3, 14, 'B', 8, 'CARSON', 'MILLSPAUGH');
INSERT INTO `runners` VALUES (1237, 94, 3, 14, 'B', 8, 'JACOB', 'BELTZ');
INSERT INTO `runners` VALUES (1238, 94, 3, 14, 'B', 8, 'TYLER', 'WOLSTONE');
INSERT INTO `runners` VALUES (1239, 139, 3, 14, 'B', 4, 'DAVIS', 'KELLY');
INSERT INTO `runners` VALUES (1240, 145, 3, 14, 'B', 8, 'MATTHEW', 'CLAUER');
INSERT INTO `runners` VALUES (1241, 145, 3, 15, 'G', 7, 'SAVANNAH', 'JUREK');
INSERT INTO `runners` VALUES (1242, 111, 3, 14, 'B', 8, 'ALEX', 'PHAN');
INSERT INTO `runners` VALUES (1243, 111, 3, 15, 'G', 6, 'GRACE', 'GROETKEN');
INSERT INTO `runners` VALUES (1244, 111, 3, 15, 'G', 6, 'GRACE', 'BALLY');
INSERT INTO `runners` VALUES (1245, 144, 3, 15, 'G', 4, 'ALINA', 'ZOVAR');
INSERT INTO `runners` VALUES (1246, 147, 3, 14, 'B', 8, 'TYLER', 'GRESENS');
INSERT INTO `runners` VALUES (1247, 147, 3, 14, 'B', 5, 'GRANT', 'SCHMID');
INSERT INTO `runners` VALUES (1248, 144, 3, 14, 'B', 6, 'JOEY', 'EDLEBECK');
INSERT INTO `runners` VALUES (1249, 87, 3, 14, 'B', 8, 'LUKE', 'WOLF');
INSERT INTO `runners` VALUES (1250, 87, 3, 14, 'B', 6, 'THOMAS', 'NETTESHEIM');
INSERT INTO `runners` VALUES (1251, 87, 3, 14, 'B', 6, 'CALEB', 'SCHREIBER');
INSERT INTO `runners` VALUES (1252, 87, 3, 14, 'B', 6, 'DAMION', 'KLINGER');
INSERT INTO `runners` VALUES (1253, 87, 3, 14, 'B', 6, 'ERIK', 'CHRISTIANSEN');
INSERT INTO `runners` VALUES (1254, 87, 3, 14, 'B', 4, 'JOSIAH', 'MARTIN');
INSERT INTO `runners` VALUES (1255, 87, 3, 14, 'B', 4, 'ELI', 'SCHOOF');
INSERT INTO `runners` VALUES (1260, 65, 3, 14, 'B', 8, 'GAVIN', 'DOUGHERTY');
INSERT INTO `runners` VALUES (1261, 65, 3, 15, 'G', 8, 'ADDIE', 'GORMAN');
INSERT INTO `runners` VALUES (1262, 55, 3, 15, 'G', 5, 'CHASE', 'LOWRY');
INSERT INTO `runners` VALUES (1263, 55, 3, 15, 'G', 5, 'CORA', 'OCHS');
INSERT INTO `runners` VALUES (1264, 55, 3, 15, 'G', 7, 'REESE', 'SCHELP');
INSERT INTO `runners` VALUES (1265, 55, 3, 14, 'B', 7, 'MITCHELL', 'HARDEMAN');
INSERT INTO `runners` VALUES (1266, 55, 3, 14, 'B', 7, 'CHRISTIAN', 'PITTMAN');
INSERT INTO `runners` VALUES (1267, 55, 3, 14, 'B', 8, 'OWEN', 'KINDER');
INSERT INTO `runners` VALUES (1268, 55, 3, 14, 'B', 8, 'TY', 'LOWRY');
INSERT INTO `runners` VALUES (1269, 55, 3, 14, 'B', 8, 'TREY', 'WATSON');
INSERT INTO `runners` VALUES (1270, 55, 3, 14, 'B', 8, 'DREW', 'WATSON');
INSERT INTO `runners` VALUES (1271, 55, 3, 14, 'B', 8, 'IAN', 'ROYER');
INSERT INTO `runners` VALUES (1272, 69, 3, 15, 'G', 6, 'KARISSA', 'GOSS');
INSERT INTO `runners` VALUES (1273, 148, 3, 14, 'B', 8, 'MAKENZIE', 'REED');
INSERT INTO `runners` VALUES (1274, 148, 3, 14, 'B', 7, 'JORDAN', 'FISCHER');
INSERT INTO `runners` VALUES (1275, 139, 3, 14, 'B', 8, 'TIMBER', 'BOISSELIER');
INSERT INTO `runners` VALUES (1276, 67, 3, 15, 'G', 6, 'CHEYENNE', 'CAMPBELL');
INSERT INTO `runners` VALUES (1277, 58, 3, 14, 'B', 6, 'BRODY', 'GREYER');
INSERT INTO `runners` VALUES (1278, 146, 3, 14, 'B', 6, 'PARKER', 'AURICH');
INSERT INTO `runners` VALUES (1279, 55, 3, 14, 'B', 7, 'CHARLIE', 'SAUER');

-- --------------------------------------------------------

-- 
-- Table structure for table `schools`
-- 

DROP TABLE IF EXISTS `schools`;
CREATE TABLE `schools` (
  `id` int(11) NOT NULL,
  `name` varchar(50) NOT NULL,
  PRIMARY KEY (`id`),
  UNIQUE KEY `name` (`name`)
) ENGINE=InnoDB DEFAULT CHARSET=latin1;

-- 
-- Dumping data for table `schools`
-- 

INSERT INTO `schools` VALUES (50, 'ABIDING SAVIOR, ST LOUIS, MO');
INSERT INTO `schools` VALUES (11, 'BETHANY, NAPERVILLE, IL');
INSERT INTO `schools` VALUES (51, 'BETHEL, MORTON, IL');
INSERT INTO `schools` VALUES (52, 'BETHLEHEM, CARSON CITY, NV');
INSERT INTO `schools` VALUES (131, 'BETHLEHEM, MENOMONEE FALLS, WI');
INSERT INTO `schools` VALUES (53, 'BETHLEHEM, SHEBOYGAN, WI');
INSERT INTO `schools` VALUES (54, 'CENTRAL, ST PAUL, MN');
INSERT INTO `schools` VALUES (55, 'CHRIST COMMUNITY, KIRKWOOD, MO');
INSERT INTO `schools` VALUES (56, 'CHRIST THE KING, SOUTHGATE, MI');
INSERT INTO `schools` VALUES (39, 'CHRISTIAN LIBERTY, ALNGTN HTS, IL');
INSERT INTO `schools` VALUES (57, 'CONCORDIA, PEORIA, IL');
INSERT INTO `schools` VALUES (2, 'COOPER, BUFFALO GROVE, IL');
INSERT INTO `schools` VALUES (58, 'CROSS, YORKVILLE, IL');
INSERT INTO `schools` VALUES (134, 'CROWN OF LIFE CHRISTIAN ACADEMY, FORT ATKINSON, WI');
INSERT INTO `schools` VALUES (140, 'DECATUR LUTH SCHOOL ASC, DECATUR, IL');
INSERT INTO `schools` VALUES (143, 'DIVINE REDEEMER, HARTLAND, WI');
INSERT INTO `schools` VALUES (135, 'EASTSIDE, MADISON, WI');
INSERT INTO `schools` VALUES (146, 'EMANUEL, HAMBURG, MN');
INSERT INTO `schools` VALUES (59, 'FIRST IMMANUEL, CEDARBURG, WI');
INSERT INTO `schools` VALUES (60, 'GRACE, MENOMONEE FALLS, WI');
INSERT INTO `schools` VALUES (15, 'GRACE, RIVER FOREST, IL');
INSERT INTO `schools` VALUES (136, 'GUARDIAN LUTH, DEARBORN, MI');
INSERT INTO `schools` VALUES (61, 'HALES CORNERS LUTHERAN, WI');
INSERT INTO `schools` VALUES (127, 'IMMANUEL CHRISTIAN ACADEMY, BROKEN ARROW, OK');
INSERT INTO `schools` VALUES (62, 'IMMANUEL, BATAVIA, IL');
INSERT INTO `schools` VALUES (63, 'IMMANUEL, BELVIDERE, IL');
INSERT INTO `schools` VALUES (64, 'IMMANUEL, BROOKFIELD, WI');
INSERT INTO `schools` VALUES (36, 'IMMANUEL, CRYSTAL LAKE, IL');
INSERT INTO `schools` VALUES (65, 'IMMANUEL, EAST DUNDEE, IL');
INSERT INTO `schools` VALUES (66, 'IMMANUEL, MACOMB, MI');
INSERT INTO `schools` VALUES (4, 'IMMANUEL, PALATINE, IL');
INSERT INTO `schools` VALUES (67, 'IMMANUEL, SEYMOUR, IN');
INSERT INTO `schools` VALUES (68, 'IMMANUEL, ST CHARLES, MO');
INSERT INTO `schools` VALUES (69, 'IMMANUEL, WASHINGTON, MO');
INSERT INTO `schools` VALUES (70, 'KING OF KINGS, ROSEVILLE, MN');
INSERT INTO `schools` VALUES (34, 'LATIN SCHOOL OF CHICAGO, IL');
INSERT INTO `schools` VALUES (137, 'LEBANON, WATERTOWN, WI');
INSERT INTO `schools` VALUES (3, 'LINCOLN, MT. PROSPECT, IL');
INSERT INTO `schools` VALUES (42, 'LONDON, BUFFALO GROVE, IL');
INSERT INTO `schools` VALUES (71, 'LOVING SHEPHERD, MILWAUKEE, WI');
INSERT INTO `schools` VALUES (72, 'LUTHERRUN, FT WAYNE, IN');
INSERT INTO `schools` VALUES (73, 'MORNING STAR, JACKSON, WI');
INSERT INTO `schools` VALUES (74, 'MT CALVARY, WAUKESHA, WI');
INSERT INTO `schools` VALUES (125, 'OLD ST MARY''S, CHICAGO');
INSERT INTO `schools` VALUES (27, 'OUR LADY PERPETUAL HELP, GLNVW, IL');
INSERT INTO `schools` VALUES (37, 'OUR LADY WAYSIDE, ARLNGTN HTS, IL');
INSERT INTO `schools` VALUES (75, 'OUR REDEEMER, DELAVAN, WI');
INSERT INTO `schools` VALUES (76, 'OUR REDEEMER, WAUWATOSA, WI');
INSERT INTO `schools` VALUES (77, 'OUR SAVIOR, GRAFTON, WI');
INSERT INTO `schools` VALUES (78, 'OUR SAVIOR, LANSING, MI');
INSERT INTO `schools` VALUES (79, 'OUR SAVIOR, SPRINGFIELD, IL');
INSERT INTO `schools` VALUES (80, 'OUR SHEPHERD, AVON, IN');
INSERT INTO `schools` VALUES (81, 'OUR SHEPHERD, BIRMINGHAM, MI');
INSERT INTO `schools` VALUES (82, 'PEACE, HARTFORD, WI');
INSERT INTO `schools` VALUES (147, 'PEACE, SUN PRAIRIE, WI');
INSERT INTO `schools` VALUES (40, 'QUEST ACADEMY, PALATINE, IL');
INSERT INTO `schools` VALUES (139, 'REDEEMER CHRISTIAN ACADEMY, WAYZATA, MN');
INSERT INTO `schools` VALUES (10, 'RIVER TRAILS, MT. PROSPECT, IL');
INSERT INTO `schools` VALUES (9, 'ROOSEVELT, RIVER FOREST, IL');
INSERT INTO `schools` VALUES (26, 'SACRED HEART, CHICAGO, IL');
INSERT INTO `schools` VALUES (13, 'SOUTH, ARLINGTON HEIGHTS, IL');
INSERT INTO `schools` VALUES (19, 'ST ANDREW''S, PARK RIDGE, IL');
INSERT INTO `schools` VALUES (41, 'ST CLEMENT, CHICAGO, IL');
INSERT INTO `schools` VALUES (8, 'ST EMILY, MT. PROSPECT, IL');
INSERT INTO `schools` VALUES (83, 'ST JOHN, CAMPBELLSPORT, WI');
INSERT INTO `schools` VALUES (84, 'ST JOHN, CHAMPAIGN, IL');
INSERT INTO `schools` VALUES (138, 'ST JOHN, CHASKA, MN');
INSERT INTO `schools` VALUES (85, 'ST JOHN, CORCORAN, MN');
INSERT INTO `schools` VALUES (86, 'ST JOHN, ELK RIVER, MN');
INSERT INTO `schools` VALUES (142, 'ST JOHN, FRASER, MI');
INSERT INTO `schools` VALUES (7, 'ST JOHN, LOMBARD, IL');
INSERT INTO `schools` VALUES (87, 'ST JOHN, MUKWONAGO, WI');
INSERT INTO `schools` VALUES (88, 'ST JOHN, RED BUD, IL');
INSERT INTO `schools` VALUES (89, 'ST JOHN, ROCHESTER, MI');
INSERT INTO `schools` VALUES (90, 'ST JOHN, WAUWATOSA, WI');
INSERT INTO `schools` VALUES (91, 'ST JOHN, WEST BEND, WI');
INSERT INTO `schools` VALUES (92, 'ST LORENZ, FRANKENMUTH, MI');
INSERT INTO `schools` VALUES (17, 'ST MARGARET MARY, ALGONQUIN, IL');
INSERT INTO `schools` VALUES (93, 'ST MARK, GREEN BAY, WI');
INSERT INTO `schools` VALUES (28, 'ST MARY, WOODSTOCK, IL');
INSERT INTO `schools` VALUES (130, 'ST MATTHEW, OCONOMOWOC, WI');
INSERT INTO `schools` VALUES (94, 'ST MATTHEW, WALLED LAKE, MI');
INSERT INTO `schools` VALUES (95, 'ST MICHAELS, RICHVILLE, MI');
INSERT INTO `schools` VALUES (24, 'ST PAUL LUTH, MT. PROSPECT, IL');
INSERT INTO `schools` VALUES (96, 'ST PAUL, ANN ARBOR, MI');
INSERT INTO `schools` VALUES (145, 'ST PAUL, EAST TROY, WI');
INSERT INTO `schools` VALUES (97, 'ST PAUL, GRAFTON, WI');
INSERT INTO `schools` VALUES (98, 'ST PAUL, JACKSON, MO');
INSERT INTO `schools` VALUES (99, 'ST PAUL, JANESVILLE, WI');
INSERT INTO `schools` VALUES (100, 'ST PAUL, LAKE MILLS, WI');
INSERT INTO `schools` VALUES (144, 'ST PAUL, MUSKEGO, WI');
INSERT INTO `schools` VALUES (101, 'ST PAUL, OCONOMOWOC, WI');
INSERT INTO `schools` VALUES (102, 'ST PAUL, WEST ALLIS, WI');
INSERT INTO `schools` VALUES (1, 'ST PETER, ARLINGTON HEIGHTS, IL');
INSERT INTO `schools` VALUES (129, 'ST PETER, COLUMBUS, IN');
INSERT INTO `schools` VALUES (104, 'ST PETER, EASTPOINTE, MI');
INSERT INTO `schools` VALUES (14, 'ST PETER, GENEVA, IL');
INSERT INTO `schools` VALUES (105, 'ST PETER, MACOMB, MI');
INSERT INTO `schools` VALUES (20, 'ST PETER, SCHAUMBURG, IL');
INSERT INTO `schools` VALUES (22, 'ST RAYMOND, MT. PROSPECT, IL');
INSERT INTO `schools` VALUES (106, 'STAR BETHLEHEM, NEW BERLIN, WI');
INSERT INTO `schools` VALUES (21, 'THOMAS, ARLINGTON HEIGHTS, IL');
INSERT INTO `schools` VALUES (6, 'TIMOTHY CHRISTIAN, ELMHURST, IL');
INSERT INTO `schools` VALUES (107, 'TRINITY 1ST, MINNEAPOLIS, MN');
INSERT INTO `schools` VALUES (108, 'TRINITY ACADEMY, HUDSON, WI');
INSERT INTO `schools` VALUES (109, 'TRINITY LONE OAK, EAGAN, MN');
INSERT INTO `schools` VALUES (35, 'TRINITY LUTH, ROSELLE, IL');
INSERT INTO `schools` VALUES (25, 'TRINITY OAKS CHRISTIAN, CARY, IL');
INSERT INTO `schools` VALUES (110, 'TRINITY ST LUKE, WATERTOWN, WI');
INSERT INTO `schools` VALUES (111, 'TRINITY, BLOOMINGTON, IL');
INSERT INTO `schools` VALUES (148, 'TRINITY, CEDAR RAPIDS, IA');
INSERT INTO `schools` VALUES (112, 'TRINITY, CLINTON TOWNSHIP,  MI');
INSERT INTO `schools` VALUES (126, 'TRINITY, DAVENPORT, IA');
INSERT INTO `schools` VALUES (113, 'TRINITY, EDWARDSVILLE, IL');
INSERT INTO `schools` VALUES (114, 'TRINITY, JEFFERSON CITY, MO');
INSERT INTO `schools` VALUES (115, 'TRINITY, MONROE, MI');
INSERT INTO `schools` VALUES (133, 'TRINITY, REESE, MI');
INSERT INTO `schools` VALUES (116, 'TRINITY, SHEBOYGAN, ,WI');
INSERT INTO `schools` VALUES (117, 'TRINITY, STEWARDSON, IL');
INSERT INTO `schools` VALUES (118, 'TRINITY, UTICA, MI');
INSERT INTO `schools` VALUES (128, 'TRINITY, WACONIA, MN');
INSERT INTO `schools` VALUES (119, 'TRINITY, WEST BEND, WI');
INSERT INTO `schools` VALUES (38, 'WEST LAKE CHRISTIAN, GRAYS LK, IL');
INSERT INTO `schools` VALUES (120, 'WESTSIDE, MIDDLETON, WI');
INSERT INTO `schools` VALUES (124, 'WIER HOME SCHOOL BENSENVILLE, IL');
INSERT INTO `schools` VALUES (121, 'WISCONSIN LUTHERAN, RACINE, WI');
INSERT INTO `schools` VALUES (122, 'ZION, BELLEVILLE, IL');
INSERT INTO `schools` VALUES (141, 'ZION, HARTLAND, WI');
INSERT INTO `schools` VALUES (23, 'ZION, MARENGO, IL');
INSERT INTO `schools` VALUES (123, 'ZION, ST CHARLES, MO');

-- --------------------------------------------------------

-- 
-- Table structure for table `users`
-- 

DROP TABLE IF EXISTS `users`;
CREATE TABLE `users` (
  `id` int(11) NOT NULL,
  `school_id` int(11) DEFAULT NULL,
  `role` varchar(10) NOT NULL,
  `status` varchar(10) NOT NULL,
  `email` varchar(255) NOT NULL,
  `reset_code` bigint(20) DEFAULT NULL,
  `password` varchar(100) DEFAULT NULL,
  `num_logins` int(11) DEFAULT '0',
  `login_date` datetime DEFAULT '0000-00-00 00:00:00' ON UPDATE CURRENT_TIMESTAMP,
  PRIMARY KEY (`id`),
  UNIQUE KEY `email` (`email`)
) ENGINE=InnoDB DEFAULT CHARSET=latin1;

-- 
-- Dumping data for table `users`
-- 

INSERT INTO `users` VALUES (0, 0, 'Admin', 'Active', 'admin@admin', 0, '$2y$10$Aab8mtCmbCdUYxg54dRHM./8uCCasj0s8FpRMwtNx/KRxA.m/wfyq', 0, '0000-00-00 00:00:00');
INSERT INTO `users` VALUES (1, 0, 'Admin', 'Active', 'purduetom90@gmail.com', 1536619085, '$2y$10$CPiKN.faLkjCG4t4T8Aev.1L.oxbNbwUrLCHGydhVSpPnGT70MQea', 287, '2018-10-17 09:27:17');
INSERT INTO `users` VALUES (2, 1, 'NonAdmin', 'Active', 'jeffrey_rodgers@hotmail.com', 0, '$2y$10$z8PJUSdAgFWQh9.ZKG4r8OMrMP0pFeFTc7hYxd6092Ak5EGW/lama', 11, '2018-10-16 21:47:09');
INSERT INTO `users` VALUES (5, 6, 'NonAdmin', 'Active', 'snoeyink@timothychristian.com', 0, '$2y$10$o4KCWmbXKPKLheb4Qwmope7LPDcNXDTZv1uIfFJVEdGvxfgvajyCa', 1, '2018-10-12 10:10:22');
INSERT INTO `users` VALUES (7, 34, 'NonAdmin', 'Active', 'dvandermeulen@latinschool.org', 0, '$2y$10$t4Zz6TnJF86jMnJGjAVS6OPSxC8goOJT0ZTYw84W9ZyKni6Sy/CUy', 0, '2018-10-12 10:10:22');
INSERT INTO `users` VALUES (8, 25, 'NonAdmin', 'Active', 'lduzey@trinity-oaks.org', 0, '$2y$10$t4Zz6TnJF86jMnJGjAVS6OPSxC8goOJT0ZTYw84W9ZyKni6Sy/CUy', 0, '2018-10-12 10:10:22');
INSERT INTO `users` VALUES (9, 7, 'NonAdmin', 'Active', 'tom.kalal@stjohnslombard.org', 0, '$2y$10$N5Nnt1OJnT4Oq0JO3d20bOFupcTMTQ5Grm2wPVAalgUr9zJCOKtoO', 1, '2018-10-12 10:10:22');
INSERT INTO `users` VALUES (10, 9, 'NonAdmin', 'Active', 'starrshine7@sbcglobal.net', 0, '$2y$10$t4Zz6TnJF86jMnJGjAVS6OPSxC8goOJT0ZTYw84W9ZyKni6Sy/CUy', 0, '2018-10-12 10:10:22');
INSERT INTO `users` VALUES (11, 11, 'NonAdmin', 'Active', 'r2kumba@wowway.com', 0, '$2y$10$t4Zz6TnJF86jMnJGjAVS6OPSxC8goOJT0ZTYw84W9ZyKni6Sy/CUy', 0, '2018-10-12 10:10:22');
INSERT INTO `users` VALUES (12, 2, 'NonAdmin', 'Active', 'timothy.thiessen@ccsd21.org', 0, '$2y$10$ENBZpHIKv/AxVMOxc7f83u5Wu07z8z/.2D/CZsGkVULeV2M7Zg8tS', 2, '2018-10-12 10:10:22');
INSERT INTO `users` VALUES (13, 21, 'NonAdmin', 'Active', 'tricia.moore@d214.org', 0, '$2y$10$4ztdyXhntVVPrs0A0amu8e9Vp/DfF57hKh3Q4msCnzb.jkdfRAdqG', 3, '2018-10-12 10:10:22');
INSERT INTO `users` VALUES (14, 24, 'NonAdmin', 'Active', 'eyoung@saint-paul.org', 0, '$2y$10$ovuWejpxAniF5.40so8sdOk4jCIgQeFJDRBQcn4aZnCLeYIBVDVHW', 3, '2018-10-12 10:10:22');
INSERT INTO `users` VALUES (15, 14, 'NonAdmin', 'Active', 'torkstaa66@sbcglobal.net', 0, '$2y$10$t4Zz6TnJF86jMnJGjAVS6OPSxC8goOJT0ZTYw84W9ZyKni6Sy/CUy', 0, '2018-10-12 10:10:22');
INSERT INTO `users` VALUES (16, 19, 'NonAdmin', 'Active', 'aarriazola@sbcglobal.net', 0, '$2y$10$ZaMejepV6aM9vKmbE1DW4eNnG9LgEdFZ6MbX9raA94FVGuvL/AHLe', 3, '2018-10-12 10:10:22');
INSERT INTO `users` VALUES (17, 10, 'NonAdmin', 'Active', 'blasoski@rtsd26.org', 0, '$2y$10$gaaBMO4fvzrvU.n7LwG/suZsN2st13wjTdIAEslHHYeziF0ip5iDG', 2, '2018-10-12 10:10:22');
INSERT INTO `users` VALUES (18, 4, 'NonAdmin', 'Active', 'spedtchr300@gmail.com', 0, '$2y$10$t4Zz6TnJF86jMnJGjAVS6OPSxC8goOJT0ZTYw84W9ZyKni6Sy/CUy', 0, '2018-10-12 10:10:22');
INSERT INTO `users` VALUES (19, 22, 'NonAdmin', 'Active', 'tomandpadra@comcast.net', 0, '$2y$10$t4Zz6TnJF86jMnJGjAVS6OPSxC8goOJT0ZTYw84W9ZyKni6Sy/CUy', 0, '2018-10-12 10:10:22');
INSERT INTO `users` VALUES (20, 35, 'NonAdmin', 'Active', 'scheiwerobert@trinityroselle.com', 0, '$2y$10$t4Zz6TnJF86jMnJGjAVS6OPSxC8goOJT0ZTYw84W9ZyKni6Sy/CUy', 0, '2018-10-12 10:10:22');
INSERT INTO `users` VALUES (21, 36, 'NonAdmin', 'Active', 'amyshulfer@comcast.net', 0, '$2y$10$t4Zz6TnJF86jMnJGjAVS6OPSxC8goOJT0ZTYw84W9ZyKni6Sy/CUy', 0, '2018-10-12 10:10:22');
INSERT INTO `users` VALUES (22, 23, 'NonAdmin', 'Active', 'zionathletics@gmail.com', 0, '$2y$10$SXtMKUUyvUWcb0FlVbah6OAc9G/MoYb9zs3qJszjitfwJY1HYEvhe', 5, '2018-10-15 16:03:45');
INSERT INTO `users` VALUES (23, 17, 'NonAdmin', 'Active', 'stephenthomas.smmsports@gmail.com', 0, '$2y$10$t4Zz6TnJF86jMnJGjAVS6OPSxC8goOJT0ZTYw84W9ZyKni6Sy/CUy', 0, '2018-10-12 10:10:22');
INSERT INTO `users` VALUES (24, 28, 'NonAdmin', 'Active', 'wwstoll@att.net', 0, '$2y$10$t4Zz6TnJF86jMnJGjAVS6OPSxC8goOJT0ZTYw84W9ZyKni6Sy/CUy', 0, '2018-10-12 10:10:22');
INSERT INTO `users` VALUES (25, 3, 'NonAdmin', 'Active', 'sshaffer@d57.org', 0, '$2y$10$F7R7b6tBa48sPbyrV.P4ZOpwlQIXzFEprXA9UU/fw7TjorFZJD5xi', 1, '2018-10-12 10:10:22');
INSERT INTO `users` VALUES (26, 27, 'NonAdmin', 'Active', 'kaksamitowski@olph-il.org', 0, '$2y$10$g0rSh1dy5DDrQ6ROqSadbu1DDG2/w7NnI4IrmSa2KiEWvy74Zbinm', 4, '2018-10-12 10:10:22');
INSERT INTO `users` VALUES (27, 8, 'NonAdmin', 'Active', 'terber1064@gmail.com', 0, '$2y$10$t4Zz6TnJF86jMnJGjAVS6OPSxC8goOJT0ZTYw84W9ZyKni6Sy/CUy', 0, '2018-10-12 10:10:22');
INSERT INTO `users` VALUES (28, 37, 'NonAdmin', 'Active', 'athleticdirector@olwschool.org', 0, '$2y$10$t4Zz6TnJF86jMnJGjAVS6OPSxC8goOJT0ZTYw84W9ZyKni6Sy/CUy', 0, '2018-10-12 10:10:22');
INSERT INTO `users` VALUES (29, 15, 'NonAdmin', 'Active', 'richard.alan.brooks@gmail.com', 0, '$2y$10$SABmVeaxoITQbzIYYJLV2e4h2Zt4o8H3XxCxGtFA.GiLQvy97TEAK', 6, '2018-10-16 13:43:54');
INSERT INTO `users` VALUES (30, 13, 'NonAdmin', 'Active', 'dfrintner@sd25.org', 0, '$2y$10$Ekod7MIBAy.CtFAPxgNxK.uGAH7Myp/Fe9XdOxHPSxawbJ5JRjzDq', 1, '2018-10-12 10:10:22');
INSERT INTO `users` VALUES (31, 26, 'NonAdmin', 'Active', 'distancestar12@gmail.com', 0, '$2y$10$t4Zz6TnJF86jMnJGjAVS6OPSxC8goOJT0ZTYw84W9ZyKni6Sy/CUy', 0, '2018-10-12 10:10:22');
INSERT INTO `users` VALUES (32, 20, 'NonAdmin', 'Active', 'mwilcox@stpeterlcms.org', 0, '$2y$10$C.LgxUCi3Qqp0wnuaxBpo.SdZkHW4s09ojsL/VxLmrbBttKXarMEu', 1, '2018-10-12 10:10:22');
INSERT INTO `users` VALUES (34, 38, 'NonAdmin', 'Active', 'kperry@westlakechristian.org', 0, '$2y$10$8ESUp7wzysxuGpLSEiuwce60F1hdk5oox6rOA.FJ2RwhfwTXmLTcC', 2, '2018-10-12 10:10:22');
INSERT INTO `users` VALUES (35, 35, 'NonAdmin', 'Active', 'juanita.berdis@trinityroselle.com', 0, '$2y$10$skX4b/gYxKshPI/y.w5.Q.cJXx4gt.ioxP/Te3.AOlxMDwqb9FZZW', 5, '2018-10-14 14:54:52');
INSERT INTO `users` VALUES (36, 17, 'NonAdmin', 'Active', 'sas.manaois@comcast.net', 0, '$2y$10$qlh9oMpqd/fQzuzH1de1hOTGWr3vgSZGP97IxanDVlxlgJZGiO7BC', 9, '2018-10-12 10:10:22');
INSERT INTO `users` VALUES (37, 14, 'NonAdmin', 'Active', 'bridgetfors44@gmail.com', 0, '$2y$10$qRQZ6cZXjLea8zkyRyxTv.4ozfrae5c2uFrU3LnnZry/wNEOAxsKG', 1, '2018-10-12 10:10:22');
INSERT INTO `users` VALUES (38, 39, 'NonAdmin', 'Active', 'natalie.salsgiver@christianliberty.com', 0, '$2y$10$t4Zz6TnJF86jMnJGjAVS6OPSxC8goOJT0ZTYw84W9ZyKni6Sy/CUy', 0, '2018-10-12 10:10:22');
INSERT INTO `users` VALUES (39, 9, 'NonAdmin', 'Active', 'starrl@district90.org', 0, '$2y$10$Qeu.zk295woLSLB7LT4pTuxlBqcBXjhdfmFp.oixPpshCTcvZX54a', 3, '2018-10-12 10:10:22');
INSERT INTO `users` VALUES (40, 40, 'NonAdmin', 'Active', 'louise.schenck@questacademy.org', 0, '$2y$10$t4Zz6TnJF86jMnJGjAVS6OPSxC8goOJT0ZTYw84W9ZyKni6Sy/CUy', 0, '2018-10-12 10:10:22');
INSERT INTO `users` VALUES (41, 41, 'NonAdmin', 'Active', 'joan.jablonski@gmail.com', 0, '$2y$10$t4Zz6TnJF86jMnJGjAVS6OPSxC8goOJT0ZTYw84W9ZyKni6Sy/CUy', 0, '2018-10-12 10:10:22');
INSERT INTO `users` VALUES (42, 42, 'NonAdmin', 'Active', 'laurie.scafidi@ccsd21.org', 0, '$2y$10$t4Zz6TnJF86jMnJGjAVS6OPSxC8goOJT0ZTYw84W9ZyKni6Sy/CUy', 0, '2018-10-12 10:10:22');
INSERT INTO `users` VALUES (43, 0, 'Admin', 'Active', 'craig@racelighthouse.com', 0, '$2y$10$cjgrIWJ98U8sUAjpsIBqKOZeLY6P6rVbbmqvwc4biZjmZT0UsA1le', 0, '2018-09-27 14:06:38');
INSERT INTO `users` VALUES (46, 57, 'NonAdmin', 'Active', 'amonkemeyer@concordiapeoria.com', 0, '$2y$10$TrrW65NtfhvxGoO1Bu6ILOyAoAcErbcdeWWPnCPnabbHVKDT3tddO', 0, '2018-10-12 10:10:22');
INSERT INTO `users` VALUES (47, 56, 'NonAdmin', 'Active', 'andreamcc@rocketmail.com', 0, '$2y$10$e6/VCBXUsVIecNmxQ15svuPcdxWT.9IWKg3To.78Eg7KzBCwk3Meq', 0, '0000-00-00 00:00:00');
INSERT INTO `users` VALUES (48, 100, 'NonAdmin', 'Active', 'arndtp@live.com', 0, '$2y$10$W70CtYr8FManMK5Zj6VMW.xNOJ.y7leonAAxjNTHJjSi4jtO7JuHC', 0, '0000-00-00 00:00:00');
INSERT INTO `users` VALUES (49, 112, 'NonAdmin', 'Active', 'athletics@trinityct.org', 0, '$2y$10$5U1.EexJhowTRJ/XcTwbWuhsf4zPGuKWUeTeTG6Is/wAR.RjO7TiS', 4, '2018-10-15 09:02:36');
INSERT INTO `users` VALUES (50, 55, 'NonAdmin', 'Active', 'balbers@ccls-stlouis.org', 0, '$2y$10$I9PTUZV50A0YoGkW1/2UX.j.QWPZcD5fw7ADLDKirxTdCQKyE1AWe', 2, '2018-10-17 00:45:08');
INSERT INTO `users` VALUES (51, 101, 'NonAdmin', 'Active', 'ben@splco.org', 0, '$2y$10$KQs08flMtLfXvQPRt942..OohC9bNCFbgJfOJrl3WvkPuYpmAtnaS', 0, '0000-00-00 00:00:00');
INSERT INTO `users` VALUES (52, 82, 'NonAdmin', 'Active', 'bknoeck5@hotmail.com', 0, '$2y$10$BeoKog/U6CdavGwnpf/SuesXAHTBSAnn6FmCGPffpbOTZ8d0Y7GS.', 1, '2018-10-12 22:55:26');
INSERT INTO `users` VALUES (54, 101, 'NonAdmin', 'Active', 'brn@splco.org', 0, '$2y$10$fakceI6EHcho1q/kTGm2CeY/W7Mcz0qv21EVmPYxcaXfX/LbworH2', 0, '0000-00-00 00:00:00');
INSERT INTO `users` VALUES (56, 97, 'NonAdmin', 'Active', 'celia.shaughnessy@ascension.org', 0, '$2y$10$NsTuw1Ts7OVi5Sy1wzeHq.JVNYaJxD4KuAxtQsyutZ92vElGYbXGa', 0, '0000-00-00 00:00:00');
INSERT INTO `users` VALUES (57, 95, 'NonAdmin', 'Active', 'choeppner@stmichaelsrichville.org', 0, '$2y$10$Mz/EZ4X6kAGav0dJ9GT98..9E4o6aN3zMy8DyUULhq/UvbrTzP.gS', 3, '2018-10-14 14:02:53');
INSERT INTO `users` VALUES (58, 78, 'NonAdmin', 'Active', 'ckonieczny7@gmail.com', 0, '$2y$10$jomQNlFsB3kXMRYuspdzmOx9T/.OPcxXfXIlq4GL8Gxof.zXdtMk6', 0, '0000-00-00 00:00:00');
INSERT INTO `users` VALUES (59, 96, 'NonAdmin', 'Active', 'cohara@stpaulannarbor.org', 0, '$2y$10$k0KBeA4099BwpLZaReY.S.EjGK4404Sg1DBeyrxKUTYoHOklvjS/.', 3, '2018-10-15 08:12:55');
INSERT INTO `users` VALUES (60, 73, 'NonAdmin', 'Active', 'conlon30@aol.com', 0, '$2y$10$c3VPsoVk12FP3W2IiKxZ5.9vD03184Xewd5dBiq2od8GKtv.nO1K6', 2, '2018-10-13 22:04:18');
INSERT INTO `users` VALUES (61, 98, 'NonAdmin', 'Active', 'corneliuskarla@gmail.com', 0, '$2y$10$62GREO05syynia5sgHWkiOYUL7XxPhPzO9eKHlbJczC/2qBrteUJu', 0, '0000-00-00 00:00:00');
INSERT INTO `users` VALUES (62, 90, 'NonAdmin', 'Active', 'dan.ebeling@wlc.edu', 0, '$2y$10$vcaHRGu6UiddgR7bIN/kQu9PhFHJ.V7DftyzUkgcOkcuD5o2xfHQa', 0, '0000-00-00 00:00:00');
INSERT INTO `users` VALUES (63, 83, 'NonAdmin', 'Active', 'danjan9@frontier.com', 0, '$2y$10$WTFD.hrl3MwrEHeEJPRGXe6w2ZTDzCm4VFInWrB/m83uPE.UjpPja', 0, '0000-00-00 00:00:00');
INSERT INTO `users` VALUES (64, 113, 'NonAdmin', 'Active', 'daveredden50@gmail.com', 0, '$2y$10$s5TQLAuhNisaYSEWXdbRBeAVbZsVXP2I3Tq9QOhhNCr8PK7nEp3XS', 0, '2018-10-12 10:10:22');
INSERT INTO `users` VALUES (65, 106, 'NonAdmin', 'Active', 'dbloomquist@starofbethlehem.org', 0, '$2y$10$E2fqNADeAccxvo5AJJ.gRupRokX1Wmbg0/eRNxMH/QS8bbCVfPip6', 1, '2018-10-11 22:01:04');
INSERT INTO `users` VALUES (66, 118, 'NonAdmin', 'Active', 'dheck@trinityutica.com', 0, '$2y$10$qr7d5Pe2YV3mzzNe6juQQOe2fNiHkHvzd3nlbSDu3hQhEIlNNz8AC', 0, '0000-00-00 00:00:00');
INSERT INTO `users` VALUES (67, 23, 'NonAdmin', 'Active', 'diane.hinck@luthed.org', 0, '$2y$10$5Pl9.8tlIM4Ajcc7DWYFTenUzKl0ADIBWQyyikKA7zynPfX1gFYcS', 0, '2018-10-12 10:10:22');
INSERT INTO `users` VALUES (68, 7, 'NonAdmin', 'Active', 'dickerson2105@gmail.com', 0, '$2y$10$1MTvu7i3fV0as.zOdGr10OT3xuh2Cuvr7QbPLZGIhlfVz20WesDh6', 0, '2018-10-12 10:10:22');
INSERT INTO `users` VALUES (69, 66, 'NonAdmin', 'Active', 'dkirchhoff@immlutheran.org', 0, '$2y$10$CjTz99lfeL7W6zEODuIj2O7Zi5MRGN7KjK.rU71K/CBntvFEFpXry', 0, '0000-00-00 00:00:00');
INSERT INTO `users` VALUES (70, 108, 'NonAdmin', 'Active', 'dladuevargas@msn.com', 0, '$2y$10$ErGHa9oHq85nHian2dMJ1u.T5oixPnqPtND2L4eWWWEbheUI3TSjG', 1, '2018-10-15 13:18:47');
INSERT INTO `users` VALUES (71, 87, 'NonAdmin', 'Active', 'drkellywolf@gmail.com', 0, '$2y$10$cw6z0/mARF1UZcSlECNX6eC9RgRBY8YWrRYPeeN6oOSNhlvSDnGLG', 2, '2018-10-16 13:09:42');
INSERT INTO `users` VALUES (72, 91, 'NonAdmin', 'Active', 'drose@stjohnswestbend.org', 0, '$2y$10$AuAvW1oyZqkmKx/H0iPl6eVXNBNc/AzTaN6qX1JN2yNhttQ3uE/1q', 0, '0000-00-00 00:00:00');
INSERT INTO `users` VALUES (73, 59, 'NonAdmin', 'Active', 'eeverts@fils.org', 0, '$2y$10$3ondeG.1fZSBcSb9710Eqe8kw16O/YjsT0s8DsgEsEMc.ypJrH12G', 1, '2018-10-15 01:08:53');
INSERT INTO `users` VALUES (74, 85, 'NonAdmin', 'Active', 'erikabeck16@hotmail.com', 0, '$2y$10$bzdetkoB7FtQSbxCEh944O0olQ2PzLsJpZEnfTNIRK6enKOkt54Z6', 0, '0000-00-00 00:00:00');
INSERT INTO `users` VALUES (75, 79, 'NonAdmin', 'Active', 'f16ratt@mac.com', 0, '$2y$10$akGhvOIzva0bHAOYiiVr4eC8lZE45JSj.8IAxnzgZ1dK8nBlkelO.', 0, '2018-10-12 10:10:22');
INSERT INTO `users` VALUES (76, 50, 'NonAdmin', 'Active', 'gmeier@abidingsaviorlutheran.org', 0, '$2y$10$r4/o4JOd5MmfXRQ5OlHDNOGN77SgBSY5WodhPECLszG4rm3UiefXi', 0, '0000-00-00 00:00:00');
INSERT INTO `users` VALUES (77, 74, 'NonAdmin', 'Active', 'grebernick@mountcalvarywaukesha.org', 0, '$2y$10$Seq2YoyeprqQpnVNlEVuUOvkEqr.cbLuiVmxKeNU.CG1jbss/UDdq', 1, '2018-10-12 01:31:59');
INSERT INTO `users` VALUES (78, 54, 'NonAdmin', 'Active', 'gundermanns@yahoo.com', 0, '$2y$10$iCXRYil5wD8X/7eZtUlzUuH2QwWM.70sDABpDTpDU9MDJo5H.2IUS', 1, '2018-10-15 01:12:00');
INSERT INTO `users` VALUES (79, 107, 'NonAdmin', 'Active', 'iobserver0777@gmail.com', 0, '$2y$10$sDvKNjMRVCnu1FWcjzEJ2egJi9WaNMHbWJJFwRbhYQ8sOt4rcoCJm', 0, '0000-00-00 00:00:00');
INSERT INTO `users` VALUES (80, 115, 'NonAdmin', 'Active', 'jboldt@trinitylutheranmonroe.org', 0, '$2y$10$YCp9s/OJdiOB6qUpanNJoOAEKDWnB9GenPKH5pe0UeUpXI5wkwidO', 4, '2018-10-16 14:23:37');
INSERT INTO `users` VALUES (81, 71, 'NonAdmin', 'Active', 'jcschopper@yahoo.com', 0, '$2y$10$UzM1P3a48IU6NJOSHf9YhuAIAjLCissO2oMN8SS.lGGh/q4hFIfQ2', 0, '0000-00-00 00:00:00');
INSERT INTO `users` VALUES (82, 76, 'NonAdmin', 'Active', 'jenean.cherney@orlctosa.org', 0, '$2y$10$yqPANe80rd1l8sTRA0GsAOK5oSL9HG42wOzYZ6LOvO/oZ5cH4UKFe', 0, '0000-00-00 00:00:00');
INSERT INTO `users` VALUES (83, 104, 'NonAdmin', 'Active', 'jfrat974@gmail.com', 0, '$2y$10$wonFQZjUIDgrZawWrigX9u1yfqXqV3miuV2ZTI/KvIMU8dQXtmX3m', 0, '0000-00-00 00:00:00');
INSERT INTO `users` VALUES (84, 117, 'NonAdmin', 'Active', 'jgurgel.trinity@gmail.com', 0, '$2y$10$8hHP3VgpaAajrxxMLBdu8e.LQSwUND8mlR5a0sKrVn3oyVpdXraKy', 7, '2018-10-16 17:57:57');
INSERT INTO `users` VALUES (85, 92, 'NonAdmin', 'Active', 'jhoard@tds.net', 0, '$2y$10$AU9/Fx/XA7xJIyT8tw0LZOm9kauIhc8HQHI0S3C77PeQc5WpVRjDK', 0, '0000-00-00 00:00:00');
INSERT INTO `users` VALUES (86, 51, 'NonAdmin', 'Active', 'jjacob733@gmail.com', 0, '$2y$10$HN5vTRP2dZ2hxXqmhmYdZu17MFmFMDPHg51/0lfTcWIAaJ2ZCHOxW', 3, '2018-10-15 22:35:01');
INSERT INTO `users` VALUES (87, 60, 'NonAdmin', 'Active', 'jjelinski@gracemenomoneefalls.org', 0, '$2y$10$iicgm13ExprbjvCxlguuNuBB2xfxBDNmyEfysSXvnCjxksjikc.Bi', 0, '0000-00-00 00:00:00');
INSERT INTO `users` VALUES (88, 88, 'NonAdmin', 'Active', 'jkfehr@htc.net', 0, '$2y$10$UdoXaWaQxkzasTnPCPY56Obddnamzr8xEVkbUbjw3ne6q3fvstT/u', 0, '2018-10-12 10:10:22');
INSERT INTO `users` VALUES (89, 110, 'NonAdmin', 'Active', 'jmatthies@tslwels.org', 0, '$2y$10$qUx1AtX.HfJntlC8IUGI/O.61B91yQhLPOC5AyNeMIEpCl.aqDwZ.', 2, '2018-10-16 11:06:15');
INSERT INTO `users` VALUES (90, 72, 'NonAdmin', 'Active', 'jsmith@esmeagles.com', 0, '$2y$10$V5SfS2rBqKwF46VGVAN0pekEX/ZA0HbzHb1/R5vjes9L/aviyFqNu', 0, '0000-00-00 00:00:00');
INSERT INTO `users` VALUES (91, 75, 'NonAdmin', 'Active', 'kcollins@orlcs.org', 0, '$2y$10$EfZ6EH9RrL5VQMW1T77HQOI9LTMGW6d4/.3/6M9XZPpiuvujkJyFO', 0, '0000-00-00 00:00:00');
INSERT INTO `users` VALUES (92, 65, 'NonAdmin', 'Active', 'kevinbecker@immanuel-ed.org', 1539627105, '$2y$10$.ALtKlscDadGAj8QiRZSmuyGVJPSsvQfWnUidnBDop4CKv3CgLeR6', 0, '2018-10-15 13:41:45');
INSERT INTO `users` VALUES (93, 84, 'NonAdmin', 'Active', 'kgilbert@stjohnls.com', 0, '$2y$10$RnTzIGxnlGRsKK2SM8pQ8ObJtbEp94CBA3DL63Fi9ZWW.4oOYj/le', 8, '2018-10-16 20:40:31');
INSERT INTO `users` VALUES (94, 64, 'NonAdmin', 'Active', 'kkaelberer@immanuelbrookfield.org', 0, '$2y$10$BMpT5vTVLvflMwgBkBj9ZejO.pYu9HGyXu25cPNxVOHL.HHVGlIri', 0, '0000-00-00 00:00:00');
INSERT INTO `users` VALUES (95, 105, 'NonAdmin', 'Active', 'kmay@splcs.net', 0, '$2y$10$uZb5Tjaa4SyF6anwX22RmOw/D8hRcPwkxjyJYlhDQcr958Wipa76.', 3, '2018-10-13 19:55:13');
INSERT INTO `users` VALUES (96, 86, 'NonAdmin', 'Active', 'kuhna001@gmail.com', 0, '$2y$10$39fOEGbE/tagqzTdUVj9Ye2pA7lrko.xsVXqMxd2Ck813ZyakKsE.', 0, '0000-00-00 00:00:00');
INSERT INTO `users` VALUES (97, 111, 'NonAdmin', 'Active', 'kurtbusse@trinluth.org', 0, '$2y$10$ThlkM4onlkw54b3hVn8am.MUy/LmHvyOmKZgNvufGydrHgFIkU/2.', 2, '2018-10-16 15:30:13');
INSERT INTO `users` VALUES (98, 109, 'NonAdmin', 'Active', 'laura.stennes@tloschool.org', 0, '$2y$10$P0X0MSmO49tWMtYUTfaQM.RSEs15TX6ESDAgAUHYPTeCoevfUkYnC', 0, '0000-00-00 00:00:00');
INSERT INTO `users` VALUES (99, 53, 'NonAdmin', 'Active', 'lbajus@excel.net', 0, '$2y$10$LdkmAV0NuaJYAQBpklB8HOadEj58zbWjrv7Iv/kiypm75Nh52anAK', 0, '0000-00-00 00:00:00');
INSERT INTO `users` VALUES (100, 93, 'NonAdmin', 'Active', 'linda.maxwell@bellin.org', 0, '$2y$10$Vpjt2fU6aeeWpsaCfCQ5SesZTIaVDU59nSQdsaGcd0A9OOrA2eu7K', 0, '0000-00-00 00:00:00');
INSERT INTO `users` VALUES (101, 122, 'NonAdmin', 'Active', 'mark.goerger@illinois.gov', 1539558922, '$2y$10$709foLzllv7PTKEDztMnteAlqFN8ppj9nxvpum.7L9OaKs18f5UOa', 0, '2018-10-14 18:45:22');
INSERT INTO `users` VALUES (102, 68, 'NonAdmin', 'Active', 'mdeines3@gmail.com', 0, '$2y$10$IAMM4JgYf5NfID41ZxZZKOEjPo5itFpByFeN/OzjBSZ/y1xyMieX.', 0, '0000-00-00 00:00:00');
INSERT INTO `users` VALUES (103, 99, 'NonAdmin', 'Active', 'mfenrick@stpaulsjanesville.com', 0, '$2y$10$x2sA7fcsjJvimlH44NeLOuh0ii2oCKyx6tgUlk3Fc/LpOx6ILViHe', 1, '2018-10-08 21:43:29');
INSERT INTO `users` VALUES (104, 94, 'NonAdmin', 'Active', 'millspaugh.jamie@gmail.com', 0, '$2y$10$k/GHQTGZf2EVZ0tEl4ZssOgbpHRfhrbAR.VMA68q1wrBCUPxx3pJy', 1, '2018-10-15 19:39:53');
INSERT INTO `users` VALUES (105, 97, 'NonAdmin', 'Active', 'mountainwille@gmail.com', 0, '$2y$10$YTvismeU0iisGvdZLbvGdOwmNRXjYcye0J6es.YbOCZ5u/7ep4I8e', 3, '2018-10-15 11:59:38');
INSERT INTO `users` VALUES (106, 81, 'NonAdmin', 'Active', 'nkelso@ourshepherd.net', 0, '$2y$10$4Nlrz0IPWPvkskqlIcdhYeumZUYdvRft9jH1.2Y9z1mhlsv6bmiGS', 0, '0000-00-00 00:00:00');
INSERT INTO `users` VALUES (107, 63, 'NonAdmin', 'Active', 'oettingat@yahoo.com', 0, '$2y$10$JbEXzJmKd1hv9oMqolq8k.wu/BUrUD27rVwUGVMKie6cPDJ622dkW', 0, '2018-10-12 10:10:22');
INSERT INTO `users` VALUES (108, 77, 'NonAdmin', 'Active', 'oslsad@oursaviorgrafton.org', 0, '$2y$10$MC9V36ibK0szNPKkMBsTMemr0cBXEdRk2UlF/c0A/uwydbcCp4dxC', 2, '2018-10-09 17:00:32');
INSERT INTO `users` VALUES (109, 52, 'NonAdmin', 'Active', 'pastormaschke@gmail.com', 0, '$2y$10$wk79sY9Nof5DefRpZ5LejuH6VUOk1gz.aNYw6Ke.APpt00KNLafty', 3, '2018-10-16 12:55:49');
INSERT INTO `users` VALUES (110, 121, 'NonAdmin', 'Active', 'paul.patterson@wlsracine.org', 0, '$2y$10$okZV8angX6InhO0ZbAvU7.w/XK4PGax09dVjpFFmJCeeDd1Lu61tG', 3, '2018-10-11 15:06:52');
INSERT INTO `users` VALUES (111, 120, 'NonAdmin', 'Active', 'paulbmanning@yahoo.com', 0, '$2y$10$j1XklJE3h8ude8fdHnEZ9.l.Ad8XhuyEsEx7Kv7TT.fdKhuN/pG1C', 0, '0000-00-00 00:00:00');
INSERT INTO `users` VALUES (112, 61, 'NonAdmin', 'Active', 'pdoherty@hcl.org', 0, '$2y$10$iipkWtyG.BFcrfREmY7z8uwOZYciNieFEV2F687JNAJRJZ7foB4PW', 1, '2018-10-11 13:04:04');
INSERT INTO `users` VALUES (113, 67, 'NonAdmin', 'Active', 'polosteph@hotmail.com', 0, '$2y$10$TOGW3EFwBVTgAvpE/01MQOcvtcB6nq2xGBUoiGCdTNzfM334EiGt6', 3, '2018-10-01 16:23:19');
INSERT INTO `users` VALUES (114, 80, 'NonAdmin', 'Active', 'rachel.burris4@gmail.com', 0, '$2y$10$gNA2d3NwfDkkueS8HyP67.WdAyaMMnI2.I.6Q6Gvoh5D9f9V9Y5Oi', 0, '0000-00-00 00:00:00');
INSERT INTO `users` VALUES (115, 77, 'NonAdmin', 'Active', 'raddatbj@gmail.com', 0, '$2y$10$IK3HA.0uJIz6q3lj.0dglOeheIqdTAa3sEgACYMjhpUZqdH6pjFlu', 0, '0000-00-00 00:00:00');
INSERT INTO `users` VALUES (116, 123, 'NonAdmin', 'Active', 'reitzjay@gmail.com', 0, '$2y$10$AGdkwRiV5bZgUpNkTtlK/uRHKxDDTcdLYSO/WaNbxPpAFmmtkkdUK', 2, '2018-10-15 22:02:27');
INSERT INTO `users` VALUES (117, 78, 'NonAdmin', 'Active', 'rengelbrecht@oursaviorlansing.org', 0, '$2y$10$xSLoK5POiv0q8sPOLvnfX.1uta3p0JqmleXlJtagkC69FQ5LMssae', 2, '2018-10-14 15:31:45');
INSERT INTO `users` VALUES (118, 92, 'NonAdmin', 'Active', 'rkknoll@yahoo.com', 0, '$2y$10$fIuDAUwzqkZXqSD4yTZI3eQ8vHg0DLE7Nhro9jkAtYBKMw.rV2k3G', 0, '0000-00-00 00:00:00');
INSERT INTO `users` VALUES (119, 92, 'NonAdmin', 'Active', 'rob.e.hayes@gmail.com', 0, '$2y$10$CRl13ZnKW8pMcCWEdrFv6Oryv.uBeJC2soCarlvogWWs3U1lXdnSa', 1, '2018-10-07 10:45:58');
INSERT INTO `users` VALUES (120, 70, 'NonAdmin', 'Active', 'robbandtp@hotmail.com', 0, '$2y$10$1sxqs8oECgxuMA.ldC.NdeCHZkTOgV6dzuMtLOuG37nLosce5ZpG6', 1, '2018-10-15 01:32:58');
INSERT INTO `users` VALUES (121, 58, 'NonAdmin', 'Active', 'ronningfamily@rocketmail.com', 0, '$2y$10$UDzgUsTWgT4rkjngNSSCXeVPXU3TVQzukHa1i9eWRipJAflvtIe8C', 1, '2018-10-16 21:31:30');
INSERT INTO `users` VALUES (122, 36, 'NonAdmin', 'Active', 'runningcoachamy@yahoo.com', 0, '$2y$10$QBX.IWLoQB2SdOIv.vBupenRwVSh4ERIukMIraY14L0zN6hFPcf.K', 0, '2018-10-12 10:10:22');
INSERT INTO `users` VALUES (123, 107, 'NonAdmin', 'Active', 'schield.tfl@gmail.com', 0, '$2y$10$GeOyHpMizclw4EouubNf7.HvxzYIKzUfLD/.nLI3WN.0DQ0gXF.5O', 2, '2018-10-16 08:32:40');
INSERT INTO `users` VALUES (124, 119, 'NonAdmin', 'Active', 'smmeasner@yahoo.com', 0, '$2y$10$0jyEhy.A9os5qwu1oc.ItO5sufQOQ9fNE/WMiUoGy/e3ZmC4im.C2', 0, '0000-00-00 00:00:00');
INSERT INTO `users` VALUES (125, 102, 'NonAdmin', 'Active', 'snmoravec@gmail.com', 0, '$2y$10$mQIiNJ5bkUhs87KDwpDsf.qqk5xYwK8Kc4ix1lUouBQn6CW6M.rJC', 0, '0000-00-00 00:00:00');
INSERT INTO `users` VALUES (126, 81, 'NonAdmin', 'Active', 'spanose@ourshepherd.net', 0, '$2y$10$wpAg/3QSeFRJBfqzmBekNOZ7e4.EWhacoVnNKXKnAXrbuIjd32Tui', 2, '2018-10-16 11:08:21');
INSERT INTO `users` VALUES (127, 69, 'NonAdmin', 'Active', 'ssprung@mvr3.k12.mo.us', 0, '$2y$10$y5H63USf5ihw2FXhyq41O.Gj/LEkX28DF8fDB6IFCSxNXDDbRqqei', 0, '0000-00-00 00:00:00');
INSERT INTO `users` VALUES (128, 116, 'NonAdmin', 'Active', 'stenklyft@trinitysheboygan.org', 0, '$2y$10$KSZNIzi0gZL42pAnIpA4HuAtlaQmioLwq36JpNAlh2Ex73OJ1pw3G', 0, '0000-00-00 00:00:00');
INSERT INTO `users` VALUES (129, 89, 'NonAdmin', 'Active', 'tbauer@stjohnrochester.org', 0, '$2y$10$VwZLOExVD5YyUbIsRLDQd.hcBTa9vRynFy2cn0Yb.ZQGqpjALT.6K', 18, '2018-10-15 11:31:45');
INSERT INTO `users` VALUES (130, 90, 'NonAdmin', 'Active', 'the_mcevoys@sbcglobal.net', 0, '$2y$10$l5WYJ1LVqtSBfy7tPPBA/e1amo207frpomQKJLXLav2RB0Np5pvkS', 0, '0000-00-00 00:00:00');
INSERT INTO `users` VALUES (131, 114, 'NonAdmin', 'Active', 'tkmorris@infin.net', 0, '$2y$10$sG62aZFhuwz0kTuKyvetNOQE5OahU2ikxv.vubn9rkyZdtaRVblWa', 2, '2018-10-16 14:20:36');
INSERT INTO `users` VALUES (132, 118, 'NonAdmin', 'Active', 'tsiekmann@trinityutica.com', 0, '$2y$10$EXzEUOhtlPLeKi0rQtEZ5OS8PL0ByS8gPf3ICsAGcMGLDIOFq57Ca', 0, '0000-00-00 00:00:00');
INSERT INTO `users` VALUES (133, 62, 'NonAdmin', 'Active', 'wertdl@gmail.com', 0, '$2y$10$70s5Fgnp86enTvAU9WqpxO9f5qRHWqOT/H0fZ..5Q7ism5SlxC7FG', 3, '2018-10-14 19:24:54');
INSERT INTO `users` VALUES (134, 11, 'NonAdmin', 'Active', 'r2kumba@gmail.com', 0, '$2y$10$IADGGGZn3wZPe5fVUm1RJuEW5/71Dik7lZ27fLQOxoHh/QIcy4NUq', 5, '2018-10-16 17:46:12');
INSERT INTO `users` VALUES (135, 34, 'NonAdmin', 'Active', 'michelleparekh@mac.com', 0, '$2y$10$aPJGf4UYYms.us4j1tbiKuPY5Z2j3Se26FWVqee8Iz89.XdZRlF3m', 3, '2018-10-12 10:10:22');
INSERT INTO `users` VALUES (137, 124, 'NonAdmin', 'Active', 'tjwier@gmail.com', 0, '$2y$10$wCcnlmwFwOHBkWc5l1HY8.mkIhAVtaTBGJ/7tzeXUu4FKNhqhlCeG', 1, '2018-10-12 10:10:22');
INSERT INTO `users` VALUES (138, 125, 'NonAdmin', 'Active', 'fit91@sbcglobal.net', 0, '$2y$10$iG5NixCbJ326t4dvfaGs..tp59Kp/ZIRS1yJVWUkKNSQ6Az.nEM3S', 4, '2018-09-28 15:04:06');
INSERT INTO `users` VALUES (139, 65, 'NonAdmin', 'Active', 'teacherbecker@hotmail.com', 0, '$2y$10$Hc9MzXvBEDTfJfAHHYqYpOk4BXVXKo6Yiu5zZlSrNla24ipROPsxC', 2, '2018-10-16 09:45:06');
INSERT INTO `users` VALUES (140, 4, 'NonAdmin', 'Active', 'cassandergiessen@gmail.com', 0, '$2y$10$2yEpZljXGGCPSZtugkxZpeMyUhmwiJJV2MZPvWTB97Aogygs2.fbq', 5, '2018-10-14 23:27:41');
INSERT INTO `users` VALUES (141, 27, 'NonAdmin', 'Active', 'dzimmer@fleetfeetchicago.com', 0, '$2y$10$MUnhJj0tijA1bXX80SJ9XuZ7orOfCRNVvHZVgNfqaDwgYXu33C9Qm', 1, '2018-10-12 10:10:22');
INSERT INTO `users` VALUES (142, 8, 'NonAdmin', 'Active', 'bergs96@comcast.net', 0, '$2y$10$/p6MOciVpZmdZF60tv3jfeDEzW2Y3IfST1GDqRe8LeVzg.oBWBmt2', 1, '2018-10-12 10:10:22');
INSERT INTO `users` VALUES (143, 21, 'NonAdmin', 'Active', 'mkrzetowski@sd25.org', 0, '$2y$10$VnNfUXmfFyBJn/WivCVVLOEBI5VrZQ03dv68wUQVYGtaVrVq25ige', 3, '2018-10-12 10:10:22');
INSERT INTO `users` VALUES (144, 1, 'NonAdmin', 'Active', 'nonadmin@nonadmin', 0, '$2y$10$oBFNOO4nP1ll0h95ZnDg2ecFegoNfzGeIVaX16kdBFGf6.2BFOQAi', 10, '2018-10-12 10:10:22');
INSERT INTO `users` VALUES (145, 126, 'NonAdmin', 'Active', 'timothy.leibold@trinitydavenport.org', 0, '$2y$10$rVW8ME0a7LoLmnRa0oI1XucWNlghnClcxr7guw30GvTDDBt6Dvuq6', 3, '2018-10-16 17:46:02');
INSERT INTO `users` VALUES (146, 127, 'NonAdmin', 'Active', 'cswaim@icaba.org', 0, '$2y$10$wBgT5/OQ93RB0yR6.Ijoo.FR7x6IvYQAFP8j63yYnqQNAH07KutkC', 1, '2018-10-03 14:31:35');
INSERT INTO `users` VALUES (147, 128, 'NonAdmin', 'Active', 'ronanenson@gmail.com', 0, '$2y$10$84wC0EDOUw3Mq3XSp4A93.I0HJ25rgNoLfk.YSWapuTWaYG8idEWO', 3, '2018-10-13 12:57:38');
INSERT INTO `users` VALUES (148, 129, 'NonAdmin', 'Active', 'bwb4d1@gmail.com', 0, '$2y$10$Gr/CT/8qsunmrhx6DcI0zuIa4T9lDTDcv8769PFFvm8/p0FxffWl.', 2, '2018-10-08 14:41:29');
INSERT INTO `users` VALUES (149, 130, 'NonAdmin', 'Active', 'eziel@smls.org', 0, '$2y$10$SWmBECxTn9RQQWPWTl/1Y.ozYn4r2zb..KrC4pk3Ofp158iklSjUS', 1, '2018-10-07 09:43:14');
INSERT INTO `users` VALUES (150, 131, 'NonAdmin', 'Active', 'jschopper@bethlehem-wels.org', 0, '$2y$10$lkpKSAPqNi7eyA1gn0FueOIA4GG0ncysI3f4wapYmEwKPW1iNVPH6', 7, '2018-10-16 15:48:42');
INSERT INTO `users` VALUES (151, 67, 'NonAdmin', 'Active', 'pmb180@yahoo.com', 0, '$2y$10$VP/5vFAHXj3rIYWaicShae.NdRgqsnnCkpPerDhz6hRvCJwtfnIpS', 1, '2018-10-09 13:03:38');
INSERT INTO `users` VALUES (152, 67, 'NonAdmin', 'Active', 'cat221973@hotmail.com', 0, '$2y$10$ITieQyDqsGN5v06oX9Pn/ex8IvoBYia4SGLs9q4UImes4VHocNW0m', 1, '2018-10-09 16:32:54');
INSERT INTO `users` VALUES (153, 133, 'NonAdmin', 'Active', 'mreinbold23@gmail.com', 0, '$2y$10$6O7Ywc/CTBS3YBaxDDBbluPOxlTSnfKvZSwFsvYSQWYGtTkBmFwBu', 2, '2018-10-16 09:49:42');
INSERT INTO `users` VALUES (154, 93, 'NonAdmin', 'Active', 'michael.w.hennig@gmail.com', 0, '$2y$10$QefTGmIkOCfQ0n72gdSXvuEj4gc5ZRlmNSaQqf3YR3KRwxjrHYdQa', 2, '2018-10-16 14:18:06');
INSERT INTO `users` VALUES (155, 134, 'NonAdmin', 'Active', 'jennifer.ertman@crownoflifeacademy.org', 0, '$2y$10$GyqJ7tg07SHGLDqm85GeculebxU4FwfwZZlwNaRooqn4QRiHc8RF2', 4, '2018-10-11 15:14:04');
INSERT INTO `users` VALUES (156, 90, 'NonAdmin', 'Active', 'kyle.bitter@sjtosa.org', 0, '$2y$10$uYKYj2Ne4ZxWIJDgJnsBr.M/rWGuCINif1XBjgZH1pntU0ZaWeoam', 1, '2018-10-09 23:00:12');
INSERT INTO `users` VALUES (157, 135, 'NonAdmin', 'Active', 'kwilson@eastsidelutheran.org', 0, '$2y$10$0XBQYwQ5sacCq7GAxhEd.eA/5LfQWVzEdV/4U7Jg/qFlNpNUep8v2', 2, '2018-10-10 14:49:44');
INSERT INTO `users` VALUES (158, 136, 'NonAdmin', 'Active', 'karen.collins@guardianlutheran.org', 0, '$2y$10$ZlC31KVgwZVuwCzQyalIsOUDPpf1Rg5zvM.El/ZjHYymHJHZ988du', 1, '2018-10-12 13:21:49');
INSERT INTO `users` VALUES (159, 105, 'NonAdmin', 'Active', 'kmay1080@sbcglobal.net', 0, '$2y$10$699EEz4fVeIZa2Fgb3hzcO9AA/cEE3eG6dvHfiV9giuiYHV0iicgu', 0, '0000-00-00 00:00:00');
INSERT INTO `users` VALUES (160, 66, 'NonAdmin', 'Active', 'starkeys@sbcglobal.net', 0, '$2y$10$N73ICG7RGjuTrDzcWHpYvOZHvnic0NYcUhG/puO3R/bQb7fnQopdG', 0, '0000-00-00 00:00:00');
INSERT INTO `users` VALUES (161, 66, 'NonAdmin', 'Active', 'tstarkey@immlutheran.org', 0, '$2y$10$OFJfMZpYaPgVpaklQMghSeqAhOPOL3SG2WZC9sUXXJVYBOgrDR4.a', 2, '2018-10-14 13:03:03');
INSERT INTO `users` VALUES (162, 137, 'NonAdmin', 'Active', 'witananna@gmail.com', 0, '$2y$10$zrJEiEBKGOUbTQ54yFo76.Q9spAmCJp.qK5dXsNideYa5KlajW.P6', 1, '2018-10-13 13:28:54');
INSERT INTO `users` VALUES (163, 138, 'NonAdmin', 'Active', 'jana.beckendorf@stjohns-chaska.org', 0, '$2y$10$JHQP2TDlYJCayYZ/o0QWzu4VSRQf8pcDkUH5wa3Gt1lF42fZEc7uO', 4, '2018-10-16 16:46:11');
INSERT INTO `users` VALUES (164, 56, 'NonAdmin', 'Active', 'bvoelz@ctk.me', 0, '$2y$10$ixUJM6tM41P0SpATO7sQ6e7Xhpt7A9G65WiY8DQbEa7EP00jNzU/m', 2, '2018-10-14 14:51:43');
INSERT INTO `users` VALUES (165, 68, 'NonAdmin', 'Active', 'cegger@immanuelstcharles.com', 0, '$2y$10$uDJIURxuQ8Fi2FDcUTYPQu.QYkoouP/xoXrb0ygU/EmtCwnkAdmW6', 1, '2018-10-14 19:15:55');
INSERT INTO `users` VALUES (166, 68, 'NonAdmin', 'Active', 'cegger@immanuelstcharles.org', 0, '$2y$10$ztsWbx91L5glwoydxEVKc.aIS/RydlfK7JOYrp45madrHDknq37Vy', 2, '2018-10-17 00:47:12');
INSERT INTO `users` VALUES (167, 139, 'NonAdmin', 'Active', 'youth@redeemerwayzata.org', 0, '$2y$10$fnAdeijzqFMWPamkkKBWDe9VKmr8.5GZPnecEXyQvuGZYz0p.WgEm', 5, '2018-10-16 17:27:08');
INSERT INTO `users` VALUES (168, 140, 'NonAdmin', 'Active', 'aelawsoncb@gmail.com', 0, '$2y$10$CPRUG6rSUeC2oahSa25V8.rgSkBooOA9D5ERcit.4EaO748eI0QlK', 1, '2018-10-14 18:40:26');
INSERT INTO `users` VALUES (169, 122, 'NonAdmin', 'Active', 'ygoerger@yahoo.com', 0, '$2y$10$VN5gQIp38z0vx.boVaZKfuu/5Gyy6PDx5BGJDLR5mv.z.qSEzzOB6', 3, '2018-10-16 11:29:14');
INSERT INTO `users` VALUES (170, 141, 'NonAdmin', 'Active', 'awendl@sbcglobal.net', 0, '$2y$10$d8ppADLBqD1wro8I2f.o6Ofg2u0rCk.8ujPT65QqiE17iifU2EDJ6', 3, '2018-10-17 08:35:47');
INSERT INTO `users` VALUES (171, 88, 'NonAdmin', 'Active', 'jpalm@stjohnsredbud.org', 0, '$2y$10$jqNhOORI8R0H8n7uiMi2Ge8lEdWmUrC9I/c.IkFBhSfBMlY.SV2ku', 1, '2018-10-14 21:54:06');
INSERT INTO `users` VALUES (172, 142, 'NonAdmin', 'Active', 'aswazey@stjohnfraser.org', 0, '$2y$10$HL7NZcWSsGzwXD81i/X4J.5GYT8D0kUlDnEstPv0FlehGQ4Ixf2.y', 1, '2018-10-14 22:54:29');
INSERT INTO `users` VALUES (173, 143, 'NonAdmin', 'Active', 'angela.bahr@drlc.org', 0, '$2y$10$Vtp8.4tvM3B4xlqFTOHwzOMZzsJGIvyOjMttY5ek2TTzCgVw2ceqa', 1, '2018-10-15 08:47:27');
INSERT INTO `users` VALUES (174, 69, 'NonAdmin', 'Active', 'rethemeyer@yahoo.com', 0, '$2y$10$91BhbWSfuxjEAn1eNTIPAuPMfvvodAudACAqL/ZSrhRos/4orb5LG', 2, '2018-10-16 10:14:49');
INSERT INTO `users` VALUES (175, 7, 'NonAdmin', 'Active', 'tkalal@sjleagles.com', 0, '$2y$10$EzS4n7qgmRPxFShPCVJEJukS6o/sxmJ9jx1PVap.LvSS7HUQYb0lq', 1, '2018-10-15 12:07:25');
INSERT INTO `users` VALUES (176, 109, 'NonAdmin', 'Active', 'school@tloschool.org', 0, '$2y$10$JuqVGuw5IyrmmAOV/LFUle7gw3ZWKW9zK13oDJr59S4RvwxWPHUR2', 2, '2018-10-15 15:02:32');
INSERT INTO `users` VALUES (177, 70, 'NonAdmin', 'Active', 'nschmidtke@kingofkingsroseville.org', 0, '$2y$10$6uWkSX/d5Z3YpOKwT1MD7uXL8bhw6zWwLtDqE2Kfz5g3rm3eB3Qdq', 1, '2018-10-16 08:33:28');
INSERT INTO `users` VALUES (178, 144, 'NonAdmin', 'Active', 'bills@edstrom.com', 0, '$2y$10$KNppziMcU9A4NQY.XLRBx.2AlGs1yCZQBWRSYIL7Jxy8fAFxWMjpO', 2, '2018-10-15 21:37:54');
INSERT INTO `users` VALUES (179, 145, 'NonAdmin', 'Active', 'tclauer@wi.rr.com', 0, '$2y$10$uCZ1GfBRmhy5gtJvRPzvmuHhRno.kynYxHp.P.o16D7zAmauZytf2', 2, '2018-10-15 20:14:06');
INSERT INTO `users` VALUES (180, 146, 'NonAdmin', 'Active', 'karjan@bethel.edu', 0, '$2y$10$g8.lbfTW4LSKUUXX//0gpuIY4APYDdVPnKJa.eS0QtZrkzZdgK5ky', 2, '2018-10-16 22:28:28');
INSERT INTO `users` VALUES (181, 144, 'NonAdmin', 'Active', 'eazov@wi.rr.com', 0, '$2y$10$qWUYwGThBFc76L7.D1GIlODw55sOSRLS9W5KDmFEa8x2VrNkTZz2O', 3, '2018-10-17 00:10:58');
INSERT INTO `users` VALUES (182, 147, 'NonAdmin', 'Active', 'jimmy.pingel@gmail.com', 0, '$2y$10$aBfdv0/MXDq0gQw5.QUZZ.opPwqJKJqdbcVitjFdUG/eBCf9Y7oHO', 1, '2018-10-15 21:58:48');
INSERT INTO `users` VALUES (183, 144, 'NonAdmin', 'Active', 'annaedlb@yahoo.com', 0, '$2y$10$Rxl7TZr/Wmng5elDRfHzD.Zw15hcKb1rUVzrYK/RqgWqdKHRyTjAu', 1, '2018-10-16 06:30:21');
INSERT INTO `users` VALUES (184, 148, 'NonAdmin', 'Active', 'muellerm@trinitycr.org', 0, '$2y$10$CyKiRa6A8YfIZXDdXP3PFehkhENtnyoQ5gz4qmWtDm4idyIU0M6C2', 1, '2018-10-16 14:35:06');
INSERT INTO `users` VALUES (185, 67, 'NonAdmin', 'Active', 'damonwcampbell@gmail.com', 0, '$2y$10$ZhtaILJ/PpMDV0JlIaMQmeFcqoDzCxz3wu1YeLAp4x7agI/amr7wK', 1, '2018-10-16 21:16:19');